src_res,src_x,src_y,dst_res,dst_x,dst_y,source
RMUX10,19,12,CtrlMUX00,19,12,"vendor-image:clk_rst_high.bin (board PASS, bytes 6438/6439/6554/6555)"
OMUX01,14,11,CtrlMUX00,14,11,ledger:shared_control_pipwit
OMUX01,15,12,CtrlMUX00,15,12,ledger:shared_control_pipwit
OMUX01,16,10,CtrlMUX00,16,10,ledger:shared_control_pipwit
OMUX01,19,11,CtrlMUX00,19,11,ledger:shared_control_pipwit
OMUX07,15,10,CtrlMUX00,15,10,ledger:shared_control_pipwit
OMUX07,15,12,CtrlMUX00,15,12,ledger:shared_control_pipwit
OMUX07,17,12,CtrlMUX00,17,12,ledger:shared_control_pipwit
OMUX13,14,10,CtrlMUX00,14,10,ledger:shared_control_pipwit
OMUX13,15,11,CtrlMUX00,15,11,ledger:shared_control_pipwit
OMUX13,16,12,CtrlMUX00,16,12,ledger:shared_control_pipwit
OMUX13,16,9,CtrlMUX00,16,9,ledger:shared_control_pipwit
OMUX13,17,9,CtrlMUX00,17,9,ledger:shared_control_pipwit
OMUX13,18,11,CtrlMUX00,18,11,ledger:shared_control_pipwit
OMUX19,16,11,CtrlMUX00,16,11,ledger:shared_control_pipwit
OMUX25,16,11,CtrlMUX00,16,11,ledger:shared_control_pipwit
OMUX25,16,12,CtrlMUX00,16,12,ledger:shared_control_pipwit
OMUX31,14,10,CtrlMUX00,14,10,ledger:shared_control_pipwit
OMUX31,15,10,CtrlMUX00,15,10,ledger:shared_control_pipwit
OMUX37,14,10,CtrlMUX00,14,10,ledger:shared_control_pipwit
OMUX37,14,5,CtrlMUX00,14,5,ledger:shared_control_pipwit
OMUX37,15,10,CtrlMUX00,15,10,ledger:shared_control_pipwit
OMUX37,15,12,CtrlMUX00,15,12,ledger:shared_control_pipwit
OMUX37,15,9,CtrlMUX00,15,9,ledger:shared_control_pipwit
OMUX37,16,11,CtrlMUX00,16,11,ledger:shared_control_pipwit
OMUX37,16,9,CtrlMUX00,16,9,ledger:shared_control_pipwit
OMUX43,14,11,CtrlMUX00,14,11,ledger:shared_control_pipwit
OMUX43,14,12,CtrlMUX00,14,12,ledger:shared_control_pipwit
OMUX43,14,9,CtrlMUX00,14,9,ledger:shared_control_pipwit
RMUX04,14,9,CtrlMUX00,14,9,ledger:shared_control_pipwit
RMUX04,15,10,CtrlMUX00,15,10,ledger:shared_control_pipwit
RMUX04,15,8,CtrlMUX00,15,8,ledger:shared_control_pipwit
RMUX10,15,10,CtrlMUX00,15,10,ledger:shared_control_pipwit
RMUX10,15,9,CtrlMUX00,15,9,ledger:shared_control_pipwit
RMUX10,16,10,CtrlMUX00,16,10,ledger:shared_control_pipwit
RMUX10,17,10,CtrlMUX00,17,10,ledger:shared_control_pipwit
RMUX10,17,11,CtrlMUX00,17,11,ledger:shared_control_pipwit
RMUX16,14,10,CtrlMUX00,14,10,ledger:shared_control_pipwit
RMUX16,15,12,CtrlMUX00,15,12,ledger:shared_control_pipwit
RMUX16,15,8,CtrlMUX00,15,8,ledger:shared_control_pipwit
RMUX16,16,10,CtrlMUX00,16,10,ledger:shared_control_pipwit
RMUX16,17,10,CtrlMUX00,17,10,ledger:shared_control_pipwit
RMUX16,17,11,CtrlMUX00,17,11,ledger:shared_control_pipwit
RMUX16,17,9,CtrlMUX00,17,9,ledger:shared_control_pipwit
RMUX16,18,11,CtrlMUX00,18,11,ledger:shared_control_pipwit
RMUX16,18,6,CtrlMUX00,18,6,ledger:shared_control_pipwit
RMUX22,14,9,CtrlMUX00,14,9,ledger:shared_control_pipwit
RMUX22,15,10,CtrlMUX00,15,10,ledger:shared_control_pipwit
RMUX22,16,10,CtrlMUX00,16,10,ledger:shared_control_pipwit
RMUX22,16,11,CtrlMUX00,16,11,ledger:shared_control_pipwit
RMUX22,17,11,CtrlMUX00,17,11,ledger:shared_control_pipwit
RMUX22,17,7,CtrlMUX00,17,7,ledger:shared_control_pipwit
RMUX22,18,8,CtrlMUX00,18,8,ledger:shared_control_pipwit
RMUX28,15,10,CtrlMUX00,15,10,ledger:shared_control_pipwit
RMUX28,16,10,CtrlMUX00,16,10,ledger:shared_control_pipwit
RMUX28,16,11,CtrlMUX00,16,11,ledger:shared_control_pipwit
RMUX28,17,11,CtrlMUX00,17,11,ledger:shared_control_pipwit
RMUX34,14,11,CtrlMUX00,14,11,ledger:shared_control_pipwit
RMUX34,14,7,CtrlMUX00,14,7,ledger:shared_control_pipwit
RMUX34,15,10,CtrlMUX00,15,10,ledger:shared_control_pipwit
RMUX34,15,9,CtrlMUX00,15,9,ledger:shared_control_pipwit
RMUX34,16,10,CtrlMUX00,16,10,ledger:shared_control_pipwit
RMUX34,16,7,CtrlMUX00,16,7,ledger:shared_control_pipwit
RMUX34,17,10,CtrlMUX00,17,10,ledger:shared_control_pipwit
RMUX34,17,11,CtrlMUX00,17,11,ledger:shared_control_pipwit
RMUX34,18,8,CtrlMUX00,18,8,ledger:shared_control_pipwit
RMUX40,15,11,CtrlMUX00,15,11,ledger:shared_control_pipwit
RMUX40,15,12,CtrlMUX00,15,12,ledger:shared_control_pipwit
RMUX40,16,11,CtrlMUX00,16,11,ledger:shared_control_pipwit
RMUX40,18,10,CtrlMUX00,18,10,ledger:shared_control_pipwit
RMUX46,14,11,CtrlMUX00,14,11,ledger:shared_control_pipwit
RMUX46,15,10,CtrlMUX00,15,10,ledger:shared_control_pipwit
RMUX46,15,11,CtrlMUX00,15,11,ledger:shared_control_pipwit
RMUX46,15,8,CtrlMUX00,15,8,ledger:shared_control_pipwit
RMUX46,16,9,CtrlMUX00,16,9,ledger:shared_control_pipwit
RMUX46,18,6,CtrlMUX00,18,6,ledger:shared_control_pipwit
RMUX52,17,11,CtrlMUX00,17,11,ledger:shared_control_pipwit
RMUX52,18,11,CtrlMUX00,18,11,ledger:shared_control_pipwit
RMUX52,19,8,CtrlMUX00,19,8,ledger:shared_control_pipwit
RMUX58,16,10,CtrlMUX00,16,10,ledger:shared_control_pipwit
RMUX58,16,11,CtrlMUX00,16,11,ledger:shared_control_pipwit
RMUX58,16,12,CtrlMUX00,16,12,ledger:shared_control_pipwit
RMUX58,17,10,CtrlMUX00,17,10,ledger:shared_control_pipwit
RMUX58,17,12,CtrlMUX00,17,12,ledger:shared_control_pipwit
RMUX58,17,8,CtrlMUX00,17,8,ledger:shared_control_pipwit
RMUX64,14,9,CtrlMUX00,14,9,ledger:shared_control_pipwit
RMUX64,16,10,CtrlMUX00,16,10,ledger:shared_control_pipwit
RMUX70,15,10,CtrlMUX00,15,10,ledger:shared_control_pipwit
RMUX70,16,9,CtrlMUX00,16,9,ledger:shared_control_pipwit
RMUX70,17,10,CtrlMUX00,17,10,ledger:shared_control_pipwit
RMUX70,17,12,CtrlMUX00,17,12,ledger:shared_control_pipwit
RMUX70,17,9,CtrlMUX00,17,9,ledger:shared_control_pipwit
RMUX76,14,11,CtrlMUX00,14,11,ledger:shared_control_pipwit
RMUX76,14,9,CtrlMUX00,14,9,ledger:shared_control_pipwit
RMUX76,15,11,CtrlMUX00,15,11,ledger:shared_control_pipwit
RMUX76,15,8,CtrlMUX00,15,8,ledger:shared_control_pipwit
RMUX76,15,9,CtrlMUX00,15,9,ledger:shared_control_pipwit
RMUX76,16,8,CtrlMUX00,16,8,ledger:shared_control_pipwit
RMUX82,14,9,CtrlMUX00,14,9,ledger:shared_control_pipwit
RMUX82,15,9,CtrlMUX00,15,9,ledger:shared_control_pipwit
RMUX82,16,8,CtrlMUX00,16,8,ledger:shared_control_pipwit
RMUX82,17,10,CtrlMUX00,17,10,ledger:shared_control_pipwit
RMUX88,15,10,CtrlMUX00,15,10,ledger:shared_control_pipwit
RMUX88,15,9,CtrlMUX00,15,9,ledger:shared_control_pipwit
RMUX88,16,10,CtrlMUX00,16,10,ledger:shared_control_pipwit
RMUX88,16,8,CtrlMUX00,16,8,ledger:shared_control_pipwit
RMUX88,20,5,CtrlMUX00,20,5,ledger:shared_control_pipwit
RMUX94,15,10,CtrlMUX00,15,10,ledger:shared_control_pipwit
RMUX94,16,10,CtrlMUX00,16,10,ledger:shared_control_pipwit
RMUX94,16,11,CtrlMUX00,16,11,ledger:shared_control_pipwit
RMUX94,16,12,CtrlMUX00,16,12,ledger:shared_control_pipwit
RMUX94,16,9,CtrlMUX00,16,9,ledger:shared_control_pipwit
RMUX94,17,12,CtrlMUX00,17,12,ledger:shared_control_pipwit
RMUX94,18,7,CtrlMUX00,18,7,ledger:shared_control_pipwit
