x,y,mux,sel,byte,mask
13,4,CFG_CLKMODE,0,71558,128
13,4,CFG_CLKMODE,1,71558,64
13,4,CFG_CtrlMUX,0,69588,16
13,4,CFG_CtrlMUX,1,69704,16
13,4,CFG_CtrlMUX,2,69588,32
13,4,CFG_CtrlMUX,3,69704,32
13,4,CFG_CtrlMUX,4,69588,64
13,4,CFG_CtrlMUX,5,69704,64
13,4,CFG_CtrlMUX,6,69588,128
13,4,CFG_CtrlMUX,7,69704,128
13,4,CFG_CtrlMUX,8,69703,2
13,4,CFG_CtrlMUX,9,69703,1
13,4,CFG_CtrlMUX,10,69587,2
13,4,CFG_CtrlMUX,11,69587,1
13,4,CFG_CtrlMUX,12,69587,128
13,4,CFG_CtrlMUX,13,69703,128
13,4,CFG_CtrlMUX,14,69587,64
13,4,CFG_CtrlMUX,15,69703,64
13,4,CFG_CtrlMUX,16,69587,32
13,4,CFG_CtrlMUX,17,69703,32
13,4,CFG_CtrlMUX,18,69587,16
13,4,CFG_CtrlMUX,19,69703,16
13,4,CFG_CtrlMUX,20,69703,4
13,4,CFG_CtrlMUX,21,69703,8
13,4,CFG_CtrlMUX,22,69587,4
13,4,CFG_CtrlMUX,23,69587,8
13,4,CFG_CtrlMUX,24,69936,16
13,4,CFG_CtrlMUX,25,69820,16
13,4,CFG_CtrlMUX,26,69936,32
13,4,CFG_CtrlMUX,27,69820,32
13,4,CFG_CtrlMUX,28,69936,64
13,4,CFG_CtrlMUX,29,69820,64
13,4,CFG_CtrlMUX,30,69936,128
13,4,CFG_CtrlMUX,31,69820,128
13,4,CFG_CtrlMUX,32,69819,2
13,4,CFG_CtrlMUX,33,69819,1
13,4,CFG_CtrlMUX,34,69935,2
13,4,CFG_CtrlMUX,35,69935,1
13,4,CFG_CtrlMUX,36,69935,128
13,4,CFG_CtrlMUX,37,69819,128
13,4,CFG_CtrlMUX,38,69935,64
13,4,CFG_CtrlMUX,39,69819,64
13,4,CFG_CtrlMUX,40,69935,32
13,4,CFG_CtrlMUX,41,69819,32
13,4,CFG_CtrlMUX,42,69935,16
13,4,CFG_CtrlMUX,43,69819,16
13,4,CFG_CtrlMUX,44,69819,4
13,4,CFG_CtrlMUX,45,69819,8
13,4,CFG_CtrlMUX,46,69935,4
13,4,CFG_CtrlMUX,47,69935,8
13,4,CFG_DLYTIME,0,68774,64
13,4,CFG_DLYTIME,1,70398,64
13,4,CFG_DWSEL_A,0,68774,128
13,4,CFG_DWSEL_A,1,68542,128
13,4,CFG_DWSEL_A,2,68078,64
13,4,CFG_DWSEL_A,3,67382,128
13,4,CFG_DWSEL_A,4,71094,64
13,4,CFG_DWSEL_B,0,70862,128
13,4,CFG_DWSEL_B,1,70862,64
13,4,CFG_DWSEL_B,2,71558,32
13,4,CFG_DWSEL_B,3,72254,64
13,4,CFG_DWSEL_B,4,71094,128
13,4,CFG_IMUX0,0,65876,16
13,4,CFG_IMUX0,1,65992,16
13,4,CFG_IMUX0,2,65876,32
13,4,CFG_IMUX0,3,65992,32
13,4,CFG_IMUX0,4,65876,64
13,4,CFG_IMUX0,5,65992,64
13,4,CFG_IMUX0,6,65876,128
13,4,CFG_IMUX0,7,65992,128
13,4,CFG_IMUX0,8,65875,1
13,4,CFG_IMUX0,9,65875,2
13,4,CFG_IMUX0,10,65991,2
13,4,CFG_IMUX0,11,65991,1
13,4,CFG_IMUX0,12,65875,128
13,4,CFG_IMUX0,13,65991,128
13,4,CFG_IMUX0,14,65875,64
13,4,CFG_IMUX0,15,65991,64
13,4,CFG_IMUX0,16,65875,32
13,4,CFG_IMUX0,17,65991,32
13,4,CFG_IMUX0,18,65875,16
13,4,CFG_IMUX0,19,65991,16
13,4,CFG_IMUX0,20,65875,8
13,4,CFG_IMUX0,21,65875,4
13,4,CFG_IMUX0,22,65991,4
13,4,CFG_IMUX0,23,65991,8
13,4,CFG_IMUX0,24,66108,16
13,4,CFG_IMUX0,25,66224,16
13,4,CFG_IMUX0,26,66108,32
13,4,CFG_IMUX0,27,66224,32
13,4,CFG_IMUX0,28,66108,64
13,4,CFG_IMUX0,29,66224,64
13,4,CFG_IMUX0,30,66108,128
13,4,CFG_IMUX0,31,66224,128
13,4,CFG_IMUX0,32,66107,1
13,4,CFG_IMUX0,33,66107,2
13,4,CFG_IMUX0,34,66223,2
13,4,CFG_IMUX0,35,66223,1
13,4,CFG_IMUX0,36,66107,128
13,4,CFG_IMUX0,37,66223,128
13,4,CFG_IMUX0,38,66107,64
13,4,CFG_IMUX0,39,66223,64
13,4,CFG_IMUX0,40,66107,32
13,4,CFG_IMUX0,41,66223,32
13,4,CFG_IMUX0,42,66107,16
13,4,CFG_IMUX0,43,66223,16
13,4,CFG_IMUX0,44,66107,8
13,4,CFG_IMUX0,45,66107,4
13,4,CFG_IMUX0,46,66223,4
13,4,CFG_IMUX0,47,66223,8
13,4,CFG_IMUX1,0,66340,16
13,4,CFG_IMUX1,1,66456,16
13,4,CFG_IMUX1,2,66340,32
13,4,CFG_IMUX1,3,66456,32
13,4,CFG_IMUX1,4,66340,64
13,4,CFG_IMUX1,5,66456,64
13,4,CFG_IMUX1,6,66340,128
13,4,CFG_IMUX1,7,66456,128
13,4,CFG_IMUX1,8,66339,1
13,4,CFG_IMUX1,9,66339,2
13,4,CFG_IMUX1,10,66455,2
13,4,CFG_IMUX1,11,66455,1
13,4,CFG_IMUX1,12,66339,128
13,4,CFG_IMUX1,13,66455,128
13,4,CFG_IMUX1,14,66339,64
13,4,CFG_IMUX1,15,66455,64
13,4,CFG_IMUX1,16,66339,32
13,4,CFG_IMUX1,17,66455,32
13,4,CFG_IMUX1,18,66339,16
13,4,CFG_IMUX1,19,66455,16
13,4,CFG_IMUX1,20,66339,8
13,4,CFG_IMUX1,21,66339,4
13,4,CFG_IMUX1,22,66455,4
13,4,CFG_IMUX1,23,66455,8
13,4,CFG_IMUX1,24,66572,16
13,4,CFG_IMUX1,25,66688,16
13,4,CFG_IMUX1,26,66572,32
13,4,CFG_IMUX1,27,66688,32
13,4,CFG_IMUX1,28,66572,64
13,4,CFG_IMUX1,29,66688,64
13,4,CFG_IMUX1,30,66572,128
13,4,CFG_IMUX1,31,66688,128
13,4,CFG_IMUX1,32,66571,1
13,4,CFG_IMUX1,33,66571,2
13,4,CFG_IMUX1,34,66687,2
13,4,CFG_IMUX1,35,66687,1
13,4,CFG_IMUX1,36,66571,128
13,4,CFG_IMUX1,37,66687,128
13,4,CFG_IMUX1,38,66571,64
13,4,CFG_IMUX1,39,66687,64
13,4,CFG_IMUX1,40,66571,32
13,4,CFG_IMUX1,41,66687,32
13,4,CFG_IMUX1,42,66571,16
13,4,CFG_IMUX1,43,66687,16
13,4,CFG_IMUX1,44,66571,8
13,4,CFG_IMUX1,45,66571,4
13,4,CFG_IMUX1,46,66687,4
13,4,CFG_IMUX1,47,66687,8
13,4,CFG_IMUX10,0,70980,16
13,4,CFG_IMUX10,1,71096,16
13,4,CFG_IMUX10,2,70980,32
13,4,CFG_IMUX10,3,71096,32
13,4,CFG_IMUX10,4,70980,64
13,4,CFG_IMUX10,5,71096,64
13,4,CFG_IMUX10,6,70980,128
13,4,CFG_IMUX10,7,71096,128
13,4,CFG_IMUX10,8,70979,1
13,4,CFG_IMUX10,9,70979,2
13,4,CFG_IMUX10,10,71095,2
13,4,CFG_IMUX10,11,71095,1
13,4,CFG_IMUX10,12,70979,128
13,4,CFG_IMUX10,13,71095,128
13,4,CFG_IMUX10,14,70979,64
13,4,CFG_IMUX10,15,71095,64
13,4,CFG_IMUX10,16,70979,32
13,4,CFG_IMUX10,17,71095,32
13,4,CFG_IMUX10,18,70979,16
13,4,CFG_IMUX10,19,71095,16
13,4,CFG_IMUX10,20,70979,8
13,4,CFG_IMUX10,21,70979,4
13,4,CFG_IMUX10,22,71095,4
13,4,CFG_IMUX10,23,71095,8
13,4,CFG_IMUX10,24,71212,16
13,4,CFG_IMUX10,25,71328,16
13,4,CFG_IMUX10,26,71212,32
13,4,CFG_IMUX10,27,71328,32
13,4,CFG_IMUX10,28,71212,64
13,4,CFG_IMUX10,29,71328,64
13,4,CFG_IMUX10,30,71212,128
13,4,CFG_IMUX10,31,71328,128
13,4,CFG_IMUX10,32,71211,1
13,4,CFG_IMUX10,33,71211,2
13,4,CFG_IMUX10,34,71327,2
13,4,CFG_IMUX10,35,71327,1
13,4,CFG_IMUX10,36,71211,128
13,4,CFG_IMUX10,37,71327,128
13,4,CFG_IMUX10,38,71211,64
13,4,CFG_IMUX10,39,71327,64
13,4,CFG_IMUX10,40,71211,32
13,4,CFG_IMUX10,41,71327,32
13,4,CFG_IMUX10,42,71211,16
13,4,CFG_IMUX10,43,71327,16
13,4,CFG_IMUX10,44,71211,8
13,4,CFG_IMUX10,45,71211,4
13,4,CFG_IMUX10,46,71327,4
13,4,CFG_IMUX10,47,71327,8
13,4,CFG_IMUX11,0,71444,16
13,4,CFG_IMUX11,1,71560,16
13,4,CFG_IMUX11,2,71444,32
13,4,CFG_IMUX11,3,71560,32
13,4,CFG_IMUX11,4,71444,64
13,4,CFG_IMUX11,5,71560,64
13,4,CFG_IMUX11,6,71444,128
13,4,CFG_IMUX11,7,71560,128
13,4,CFG_IMUX11,8,71443,1
13,4,CFG_IMUX11,9,71443,2
13,4,CFG_IMUX11,10,71559,2
13,4,CFG_IMUX11,11,71559,1
13,4,CFG_IMUX11,12,71443,128
13,4,CFG_IMUX11,13,71559,128
13,4,CFG_IMUX11,14,71443,64
13,4,CFG_IMUX11,15,71559,64
13,4,CFG_IMUX11,16,71443,32
13,4,CFG_IMUX11,17,71559,32
13,4,CFG_IMUX11,18,71443,16
13,4,CFG_IMUX11,19,71559,16
13,4,CFG_IMUX11,20,71443,8
13,4,CFG_IMUX11,21,71443,4
13,4,CFG_IMUX11,22,71559,4
13,4,CFG_IMUX11,23,71559,8
13,4,CFG_IMUX11,24,71676,16
13,4,CFG_IMUX11,25,71792,16
13,4,CFG_IMUX11,26,71676,32
13,4,CFG_IMUX11,27,71792,32
13,4,CFG_IMUX11,28,71676,64
13,4,CFG_IMUX11,29,71792,64
13,4,CFG_IMUX11,30,71676,128
13,4,CFG_IMUX11,31,71792,128
13,4,CFG_IMUX11,32,71675,1
13,4,CFG_IMUX11,33,71675,2
13,4,CFG_IMUX11,34,71791,2
13,4,CFG_IMUX11,35,71791,1
13,4,CFG_IMUX11,36,71675,128
13,4,CFG_IMUX11,37,71791,128
13,4,CFG_IMUX11,38,71675,64
13,4,CFG_IMUX11,39,71791,64
13,4,CFG_IMUX11,40,71675,32
13,4,CFG_IMUX11,41,71791,32
13,4,CFG_IMUX11,42,71675,16
13,4,CFG_IMUX11,43,71791,16
13,4,CFG_IMUX11,44,71675,8
13,4,CFG_IMUX11,45,71675,4
13,4,CFG_IMUX11,46,71791,4
13,4,CFG_IMUX11,47,71791,8
13,4,CFG_IMUX12,0,71908,16
13,4,CFG_IMUX12,1,72024,16
13,4,CFG_IMUX12,2,71908,32
13,4,CFG_IMUX12,3,72024,32
13,4,CFG_IMUX12,4,71908,64
13,4,CFG_IMUX12,5,72024,64
13,4,CFG_IMUX12,6,71908,128
13,4,CFG_IMUX12,7,72024,128
13,4,CFG_IMUX12,8,71907,1
13,4,CFG_IMUX12,9,71907,2
13,4,CFG_IMUX12,10,72023,2
13,4,CFG_IMUX12,11,72023,1
13,4,CFG_IMUX12,12,71907,128
13,4,CFG_IMUX12,13,72023,128
13,4,CFG_IMUX12,14,71907,64
13,4,CFG_IMUX12,15,72023,64
13,4,CFG_IMUX12,16,71907,32
13,4,CFG_IMUX12,17,72023,32
13,4,CFG_IMUX12,18,71907,16
13,4,CFG_IMUX12,19,72023,16
13,4,CFG_IMUX12,20,71907,8
13,4,CFG_IMUX12,21,71907,4
13,4,CFG_IMUX12,22,72023,4
13,4,CFG_IMUX12,23,72023,8
13,4,CFG_IMUX12,24,72140,16
13,4,CFG_IMUX12,25,72256,16
13,4,CFG_IMUX12,26,72140,32
13,4,CFG_IMUX12,27,72256,32
13,4,CFG_IMUX12,28,72140,64
13,4,CFG_IMUX12,29,72256,64
13,4,CFG_IMUX12,30,72140,128
13,4,CFG_IMUX12,31,72256,128
13,4,CFG_IMUX12,32,72139,1
13,4,CFG_IMUX12,33,72139,2
13,4,CFG_IMUX12,34,72255,2
13,4,CFG_IMUX12,35,72255,1
13,4,CFG_IMUX12,36,72139,128
13,4,CFG_IMUX12,37,72255,128
13,4,CFG_IMUX12,38,72139,64
13,4,CFG_IMUX12,39,72255,64
13,4,CFG_IMUX12,40,72139,32
13,4,CFG_IMUX12,41,72255,32
13,4,CFG_IMUX12,42,72139,16
13,4,CFG_IMUX12,43,72255,16
13,4,CFG_IMUX12,44,72139,8
13,4,CFG_IMUX12,45,72139,4
13,4,CFG_IMUX12,46,72255,4
13,4,CFG_IMUX12,47,72255,8
13,4,CFG_IMUX13,0,72372,16
13,4,CFG_IMUX13,1,72488,16
13,4,CFG_IMUX13,2,72372,32
13,4,CFG_IMUX13,3,72488,32
13,4,CFG_IMUX13,4,72372,64
13,4,CFG_IMUX13,5,72488,64
13,4,CFG_IMUX13,6,72372,128
13,4,CFG_IMUX13,7,72488,128
13,4,CFG_IMUX13,8,72371,1
13,4,CFG_IMUX13,9,72371,2
13,4,CFG_IMUX13,10,72487,2
13,4,CFG_IMUX13,11,72487,1
13,4,CFG_IMUX13,12,72371,128
13,4,CFG_IMUX13,13,72487,128
13,4,CFG_IMUX13,14,72371,64
13,4,CFG_IMUX13,15,72487,64
13,4,CFG_IMUX13,16,72371,32
13,4,CFG_IMUX13,17,72487,32
13,4,CFG_IMUX13,18,72371,16
13,4,CFG_IMUX13,19,72487,16
13,4,CFG_IMUX13,20,72371,8
13,4,CFG_IMUX13,21,72371,4
13,4,CFG_IMUX13,22,72487,4
13,4,CFG_IMUX13,23,72487,8
13,4,CFG_IMUX13,24,72604,16
13,4,CFG_IMUX13,25,72720,16
13,4,CFG_IMUX13,26,72604,32
13,4,CFG_IMUX13,27,72720,32
13,4,CFG_IMUX13,28,72604,64
13,4,CFG_IMUX13,29,72720,64
13,4,CFG_IMUX13,30,72604,128
13,4,CFG_IMUX13,31,72720,128
13,4,CFG_IMUX13,32,72603,1
13,4,CFG_IMUX13,33,72603,2
13,4,CFG_IMUX13,34,72719,2
13,4,CFG_IMUX13,35,72719,1
13,4,CFG_IMUX13,36,72603,128
13,4,CFG_IMUX13,37,72719,128
13,4,CFG_IMUX13,38,72603,64
13,4,CFG_IMUX13,39,72719,64
13,4,CFG_IMUX13,40,72603,32
13,4,CFG_IMUX13,41,72719,32
13,4,CFG_IMUX13,42,72603,16
13,4,CFG_IMUX13,43,72719,16
13,4,CFG_IMUX13,44,72603,8
13,4,CFG_IMUX13,45,72603,4
13,4,CFG_IMUX13,46,72719,4
13,4,CFG_IMUX13,47,72719,8
13,4,CFG_IMUX14,0,72836,16
13,4,CFG_IMUX14,1,72952,16
13,4,CFG_IMUX14,2,72836,32
13,4,CFG_IMUX14,3,72952,32
13,4,CFG_IMUX14,4,72836,64
13,4,CFG_IMUX14,5,72952,64
13,4,CFG_IMUX14,6,72836,128
13,4,CFG_IMUX14,7,72952,128
13,4,CFG_IMUX14,8,72835,1
13,4,CFG_IMUX14,9,72835,2
13,4,CFG_IMUX14,10,72951,2
13,4,CFG_IMUX14,11,72951,1
13,4,CFG_IMUX14,12,72835,128
13,4,CFG_IMUX14,13,72951,128
13,4,CFG_IMUX14,14,72835,64
13,4,CFG_IMUX14,15,72951,64
13,4,CFG_IMUX14,16,72835,32
13,4,CFG_IMUX14,17,72951,32
13,4,CFG_IMUX14,18,72835,16
13,4,CFG_IMUX14,19,72951,16
13,4,CFG_IMUX14,20,72835,8
13,4,CFG_IMUX14,21,72835,4
13,4,CFG_IMUX14,22,72951,4
13,4,CFG_IMUX14,23,72951,8
13,4,CFG_IMUX14,24,73068,16
13,4,CFG_IMUX14,25,73184,16
13,4,CFG_IMUX14,26,73068,32
13,4,CFG_IMUX14,27,73184,32
13,4,CFG_IMUX14,28,73068,64
13,4,CFG_IMUX14,29,73184,64
13,4,CFG_IMUX14,30,73068,128
13,4,CFG_IMUX14,31,73184,128
13,4,CFG_IMUX14,32,73067,1
13,4,CFG_IMUX14,33,73067,2
13,4,CFG_IMUX14,34,73183,2
13,4,CFG_IMUX14,35,73183,1
13,4,CFG_IMUX14,36,73067,128
13,4,CFG_IMUX14,37,73183,128
13,4,CFG_IMUX14,38,73067,64
13,4,CFG_IMUX14,39,73183,64
13,4,CFG_IMUX14,40,73067,32
13,4,CFG_IMUX14,41,73183,32
13,4,CFG_IMUX14,42,73067,16
13,4,CFG_IMUX14,43,73183,16
13,4,CFG_IMUX14,44,73067,8
13,4,CFG_IMUX14,45,73067,4
13,4,CFG_IMUX14,46,73183,4
13,4,CFG_IMUX14,47,73183,8
13,4,CFG_IMUX15,0,73300,16
13,4,CFG_IMUX15,1,73416,16
13,4,CFG_IMUX15,2,73300,32
13,4,CFG_IMUX15,3,73416,32
13,4,CFG_IMUX15,4,73300,64
13,4,CFG_IMUX15,5,73416,64
13,4,CFG_IMUX15,6,73300,128
13,4,CFG_IMUX15,7,73416,128
13,4,CFG_IMUX15,8,73299,1
13,4,CFG_IMUX15,9,73299,2
13,4,CFG_IMUX15,10,73415,2
13,4,CFG_IMUX15,11,73415,1
13,4,CFG_IMUX15,12,73299,128
13,4,CFG_IMUX15,13,73415,128
13,4,CFG_IMUX15,14,73299,64
13,4,CFG_IMUX15,15,73415,64
13,4,CFG_IMUX15,16,73299,32
13,4,CFG_IMUX15,17,73415,32
13,4,CFG_IMUX15,18,73299,16
13,4,CFG_IMUX15,19,73415,16
13,4,CFG_IMUX15,20,73299,8
13,4,CFG_IMUX15,21,73299,4
13,4,CFG_IMUX15,22,73415,4
13,4,CFG_IMUX15,23,73415,8
13,4,CFG_IMUX15,24,73532,16
13,4,CFG_IMUX15,25,73648,16
13,4,CFG_IMUX15,26,73532,32
13,4,CFG_IMUX15,27,73648,32
13,4,CFG_IMUX15,28,73532,64
13,4,CFG_IMUX15,29,73648,64
13,4,CFG_IMUX15,30,73532,128
13,4,CFG_IMUX15,31,73648,128
13,4,CFG_IMUX15,32,73531,1
13,4,CFG_IMUX15,33,73531,2
13,4,CFG_IMUX15,34,73647,2
13,4,CFG_IMUX15,35,73647,1
13,4,CFG_IMUX15,36,73531,128
13,4,CFG_IMUX15,37,73647,128
13,4,CFG_IMUX15,38,73531,64
13,4,CFG_IMUX15,39,73647,64
13,4,CFG_IMUX15,40,73531,32
13,4,CFG_IMUX15,41,73647,32
13,4,CFG_IMUX15,42,73531,16
13,4,CFG_IMUX15,43,73647,16
13,4,CFG_IMUX15,44,73531,8
13,4,CFG_IMUX15,45,73531,4
13,4,CFG_IMUX15,46,73647,4
13,4,CFG_IMUX15,47,73647,8
13,4,CFG_IMUX2,0,66804,16
13,4,CFG_IMUX2,1,66920,16
13,4,CFG_IMUX2,2,66804,32
13,4,CFG_IMUX2,3,66920,32
13,4,CFG_IMUX2,4,66804,64
13,4,CFG_IMUX2,5,66920,64
13,4,CFG_IMUX2,6,66804,128
13,4,CFG_IMUX2,7,66920,128
13,4,CFG_IMUX2,8,66803,1
13,4,CFG_IMUX2,9,66803,2
13,4,CFG_IMUX2,10,66919,2
13,4,CFG_IMUX2,11,66919,1
13,4,CFG_IMUX2,12,66803,128
13,4,CFG_IMUX2,13,66919,128
13,4,CFG_IMUX2,14,66803,64
13,4,CFG_IMUX2,15,66919,64
13,4,CFG_IMUX2,16,66803,32
13,4,CFG_IMUX2,17,66919,32
13,4,CFG_IMUX2,18,66803,16
13,4,CFG_IMUX2,19,66919,16
13,4,CFG_IMUX2,20,66803,8
13,4,CFG_IMUX2,21,66803,4
13,4,CFG_IMUX2,22,66919,4
13,4,CFG_IMUX2,23,66919,8
13,4,CFG_IMUX2,24,67036,16
13,4,CFG_IMUX2,25,67152,16
13,4,CFG_IMUX2,26,67036,32
13,4,CFG_IMUX2,27,67152,32
13,4,CFG_IMUX2,28,67036,64
13,4,CFG_IMUX2,29,67152,64
13,4,CFG_IMUX2,30,67036,128
13,4,CFG_IMUX2,31,67152,128
13,4,CFG_IMUX2,32,67035,1
13,4,CFG_IMUX2,33,67035,2
13,4,CFG_IMUX2,34,67151,2
13,4,CFG_IMUX2,35,67151,1
13,4,CFG_IMUX2,36,67035,128
13,4,CFG_IMUX2,37,67151,128
13,4,CFG_IMUX2,38,67035,64
13,4,CFG_IMUX2,39,67151,64
13,4,CFG_IMUX2,40,67035,32
13,4,CFG_IMUX2,41,67151,32
13,4,CFG_IMUX2,42,67035,16
13,4,CFG_IMUX2,43,67151,16
13,4,CFG_IMUX2,44,67035,8
13,4,CFG_IMUX2,45,67035,4
13,4,CFG_IMUX2,46,67151,4
13,4,CFG_IMUX2,47,67151,8
13,4,CFG_IMUX3,0,67268,16
13,4,CFG_IMUX3,1,67384,16
13,4,CFG_IMUX3,2,67268,32
13,4,CFG_IMUX3,3,67384,32
13,4,CFG_IMUX3,4,67268,64
13,4,CFG_IMUX3,5,67384,64
13,4,CFG_IMUX3,6,67268,128
13,4,CFG_IMUX3,7,67384,128
13,4,CFG_IMUX3,8,67267,1
13,4,CFG_IMUX3,9,67267,2
13,4,CFG_IMUX3,10,67383,2
13,4,CFG_IMUX3,11,67383,1
13,4,CFG_IMUX3,12,67267,128
13,4,CFG_IMUX3,13,67383,128
13,4,CFG_IMUX3,14,67267,64
13,4,CFG_IMUX3,15,67383,64
13,4,CFG_IMUX3,16,67267,32
13,4,CFG_IMUX3,17,67383,32
13,4,CFG_IMUX3,18,67267,16
13,4,CFG_IMUX3,19,67383,16
13,4,CFG_IMUX3,20,67267,8
13,4,CFG_IMUX3,21,67267,4
13,4,CFG_IMUX3,22,67383,4
13,4,CFG_IMUX3,23,67383,8
13,4,CFG_IMUX3,24,67500,16
13,4,CFG_IMUX3,25,67616,16
13,4,CFG_IMUX3,26,67500,32
13,4,CFG_IMUX3,27,67616,32
13,4,CFG_IMUX3,28,67500,64
13,4,CFG_IMUX3,29,67616,64
13,4,CFG_IMUX3,30,67500,128
13,4,CFG_IMUX3,31,67616,128
13,4,CFG_IMUX3,32,67499,1
13,4,CFG_IMUX3,33,67499,2
13,4,CFG_IMUX3,34,67615,2
13,4,CFG_IMUX3,35,67615,1
13,4,CFG_IMUX3,36,67499,128
13,4,CFG_IMUX3,37,67615,128
13,4,CFG_IMUX3,38,67499,64
13,4,CFG_IMUX3,39,67615,64
13,4,CFG_IMUX3,40,67499,32
13,4,CFG_IMUX3,41,67615,32
13,4,CFG_IMUX3,42,67499,16
13,4,CFG_IMUX3,43,67615,16
13,4,CFG_IMUX3,44,67499,8
13,4,CFG_IMUX3,45,67499,4
13,4,CFG_IMUX3,46,67615,4
13,4,CFG_IMUX3,47,67615,8
13,4,CFG_IMUX4,0,67732,16
13,4,CFG_IMUX4,1,67848,16
13,4,CFG_IMUX4,2,67732,32
13,4,CFG_IMUX4,3,67848,32
13,4,CFG_IMUX4,4,67732,64
13,4,CFG_IMUX4,5,67848,64
13,4,CFG_IMUX4,6,67732,128
13,4,CFG_IMUX4,7,67848,128
13,4,CFG_IMUX4,8,67731,1
13,4,CFG_IMUX4,9,67731,2
13,4,CFG_IMUX4,10,67847,2
13,4,CFG_IMUX4,11,67847,1
13,4,CFG_IMUX4,12,67731,128
13,4,CFG_IMUX4,13,67847,128
13,4,CFG_IMUX4,14,67731,64
13,4,CFG_IMUX4,15,67847,64
13,4,CFG_IMUX4,16,67731,32
13,4,CFG_IMUX4,17,67847,32
13,4,CFG_IMUX4,18,67731,16
13,4,CFG_IMUX4,19,67847,16
13,4,CFG_IMUX4,20,67731,8
13,4,CFG_IMUX4,21,67731,4
13,4,CFG_IMUX4,22,67847,4
13,4,CFG_IMUX4,23,67847,8
13,4,CFG_IMUX4,24,67964,16
13,4,CFG_IMUX4,25,68080,16
13,4,CFG_IMUX4,26,67964,32
13,4,CFG_IMUX4,27,68080,32
13,4,CFG_IMUX4,28,67964,64
13,4,CFG_IMUX4,29,68080,64
13,4,CFG_IMUX4,30,67964,128
13,4,CFG_IMUX4,31,68080,128
13,4,CFG_IMUX4,32,67963,1
13,4,CFG_IMUX4,33,67963,2
13,4,CFG_IMUX4,34,68079,2
13,4,CFG_IMUX4,35,68079,1
13,4,CFG_IMUX4,36,67963,128
13,4,CFG_IMUX4,37,68079,128
13,4,CFG_IMUX4,38,67963,64
13,4,CFG_IMUX4,39,68079,64
13,4,CFG_IMUX4,40,67963,32
13,4,CFG_IMUX4,41,68079,32
13,4,CFG_IMUX4,42,67963,16
13,4,CFG_IMUX4,43,68079,16
13,4,CFG_IMUX4,44,67963,8
13,4,CFG_IMUX4,45,67963,4
13,4,CFG_IMUX4,46,68079,4
13,4,CFG_IMUX4,47,68079,8
13,4,CFG_IMUX5,0,68196,16
13,4,CFG_IMUX5,1,68312,16
13,4,CFG_IMUX5,2,68196,32
13,4,CFG_IMUX5,3,68312,32
13,4,CFG_IMUX5,4,68196,64
13,4,CFG_IMUX5,5,68312,64
13,4,CFG_IMUX5,6,68196,128
13,4,CFG_IMUX5,7,68312,128
13,4,CFG_IMUX5,8,68195,1
13,4,CFG_IMUX5,9,68195,2
13,4,CFG_IMUX5,10,68311,2
13,4,CFG_IMUX5,11,68311,1
13,4,CFG_IMUX5,12,68195,128
13,4,CFG_IMUX5,13,68311,128
13,4,CFG_IMUX5,14,68195,64
13,4,CFG_IMUX5,15,68311,64
13,4,CFG_IMUX5,16,68195,32
13,4,CFG_IMUX5,17,68311,32
13,4,CFG_IMUX5,18,68195,16
13,4,CFG_IMUX5,19,68311,16
13,4,CFG_IMUX5,20,68195,8
13,4,CFG_IMUX5,21,68195,4
13,4,CFG_IMUX5,22,68311,4
13,4,CFG_IMUX5,23,68311,8
13,4,CFG_IMUX5,24,68428,16
13,4,CFG_IMUX5,25,68544,16
13,4,CFG_IMUX5,26,68428,32
13,4,CFG_IMUX5,27,68544,32
13,4,CFG_IMUX5,28,68428,64
13,4,CFG_IMUX5,29,68544,64
13,4,CFG_IMUX5,30,68428,128
13,4,CFG_IMUX5,31,68544,128
13,4,CFG_IMUX5,32,68427,1
13,4,CFG_IMUX5,33,68427,2
13,4,CFG_IMUX5,34,68543,2
13,4,CFG_IMUX5,35,68543,1
13,4,CFG_IMUX5,36,68427,128
13,4,CFG_IMUX5,37,68543,128
13,4,CFG_IMUX5,38,68427,64
13,4,CFG_IMUX5,39,68543,64
13,4,CFG_IMUX5,40,68427,32
13,4,CFG_IMUX5,41,68543,32
13,4,CFG_IMUX5,42,68427,16
13,4,CFG_IMUX5,43,68543,16
13,4,CFG_IMUX5,44,68427,8
13,4,CFG_IMUX5,45,68427,4
13,4,CFG_IMUX5,46,68543,4
13,4,CFG_IMUX5,47,68543,8
13,4,CFG_IMUX6,0,68660,16
13,4,CFG_IMUX6,1,68776,16
13,4,CFG_IMUX6,2,68660,32
13,4,CFG_IMUX6,3,68776,32
13,4,CFG_IMUX6,4,68660,64
13,4,CFG_IMUX6,5,68776,64
13,4,CFG_IMUX6,6,68660,128
13,4,CFG_IMUX6,7,68776,128
13,4,CFG_IMUX6,8,68659,1
13,4,CFG_IMUX6,9,68659,2
13,4,CFG_IMUX6,10,68775,2
13,4,CFG_IMUX6,11,68775,1
13,4,CFG_IMUX6,12,68659,128
13,4,CFG_IMUX6,13,68775,128
13,4,CFG_IMUX6,14,68659,64
13,4,CFG_IMUX6,15,68775,64
13,4,CFG_IMUX6,16,68659,32
13,4,CFG_IMUX6,17,68775,32
13,4,CFG_IMUX6,18,68659,16
13,4,CFG_IMUX6,19,68775,16
13,4,CFG_IMUX6,20,68659,8
13,4,CFG_IMUX6,21,68659,4
13,4,CFG_IMUX6,22,68775,4
13,4,CFG_IMUX6,23,68775,8
13,4,CFG_IMUX6,24,68892,16
13,4,CFG_IMUX6,25,69008,16
13,4,CFG_IMUX6,26,68892,32
13,4,CFG_IMUX6,27,69008,32
13,4,CFG_IMUX6,28,68892,64
13,4,CFG_IMUX6,29,69008,64
13,4,CFG_IMUX6,30,68892,128
13,4,CFG_IMUX6,31,69008,128
13,4,CFG_IMUX6,32,68891,1
13,4,CFG_IMUX6,33,68891,2
13,4,CFG_IMUX6,34,69007,2
13,4,CFG_IMUX6,35,69007,1
13,4,CFG_IMUX6,36,68891,128
13,4,CFG_IMUX6,37,69007,128
13,4,CFG_IMUX6,38,68891,64
13,4,CFG_IMUX6,39,69007,64
13,4,CFG_IMUX6,40,68891,32
13,4,CFG_IMUX6,41,69007,32
13,4,CFG_IMUX6,42,68891,16
13,4,CFG_IMUX6,43,69007,16
13,4,CFG_IMUX6,44,68891,8
13,4,CFG_IMUX6,45,68891,4
13,4,CFG_IMUX6,46,69007,4
13,4,CFG_IMUX6,47,69007,8
13,4,CFG_IMUX7,0,69124,16
13,4,CFG_IMUX7,1,69240,16
13,4,CFG_IMUX7,2,69124,32
13,4,CFG_IMUX7,3,69240,32
13,4,CFG_IMUX7,4,69124,64
13,4,CFG_IMUX7,5,69240,64
13,4,CFG_IMUX7,6,69124,128
13,4,CFG_IMUX7,7,69240,128
13,4,CFG_IMUX7,8,69123,1
13,4,CFG_IMUX7,9,69123,2
13,4,CFG_IMUX7,10,69239,2
13,4,CFG_IMUX7,11,69239,1
13,4,CFG_IMUX7,12,69123,128
13,4,CFG_IMUX7,13,69239,128
13,4,CFG_IMUX7,14,69123,64
13,4,CFG_IMUX7,15,69239,64
13,4,CFG_IMUX7,16,69123,32
13,4,CFG_IMUX7,17,69239,32
13,4,CFG_IMUX7,18,69123,16
13,4,CFG_IMUX7,19,69239,16
13,4,CFG_IMUX7,20,69123,8
13,4,CFG_IMUX7,21,69123,4
13,4,CFG_IMUX7,22,69239,4
13,4,CFG_IMUX7,23,69239,8
13,4,CFG_IMUX7,24,69356,16
13,4,CFG_IMUX7,25,69472,16
13,4,CFG_IMUX7,26,69356,32
13,4,CFG_IMUX7,27,69472,32
13,4,CFG_IMUX7,28,69356,64
13,4,CFG_IMUX7,29,69472,64
13,4,CFG_IMUX7,30,69356,128
13,4,CFG_IMUX7,31,69472,128
13,4,CFG_IMUX7,32,69355,1
13,4,CFG_IMUX7,33,69355,2
13,4,CFG_IMUX7,34,69471,2
13,4,CFG_IMUX7,35,69471,1
13,4,CFG_IMUX7,36,69355,128
13,4,CFG_IMUX7,37,69471,128
13,4,CFG_IMUX7,38,69355,64
13,4,CFG_IMUX7,39,69471,64
13,4,CFG_IMUX7,40,69355,32
13,4,CFG_IMUX7,41,69471,32
13,4,CFG_IMUX7,42,69355,16
13,4,CFG_IMUX7,43,69471,16
13,4,CFG_IMUX7,44,69355,8
13,4,CFG_IMUX7,45,69355,4
13,4,CFG_IMUX7,46,69471,4
13,4,CFG_IMUX7,47,69471,8
13,4,CFG_IMUX8,0,70052,16
13,4,CFG_IMUX8,1,70168,16
13,4,CFG_IMUX8,2,70052,32
13,4,CFG_IMUX8,3,70168,32
13,4,CFG_IMUX8,4,70052,64
13,4,CFG_IMUX8,5,70168,64
13,4,CFG_IMUX8,6,70052,128
13,4,CFG_IMUX8,7,70168,128
13,4,CFG_IMUX8,8,70051,1
13,4,CFG_IMUX8,9,70051,2
13,4,CFG_IMUX8,10,70167,2
13,4,CFG_IMUX8,11,70167,1
13,4,CFG_IMUX8,12,70051,128
13,4,CFG_IMUX8,13,70167,128
13,4,CFG_IMUX8,14,70051,64
13,4,CFG_IMUX8,15,70167,64
13,4,CFG_IMUX8,16,70051,32
13,4,CFG_IMUX8,17,70167,32
13,4,CFG_IMUX8,18,70051,16
13,4,CFG_IMUX8,19,70167,16
13,4,CFG_IMUX8,20,70051,8
13,4,CFG_IMUX8,21,70051,4
13,4,CFG_IMUX8,22,70167,4
13,4,CFG_IMUX8,23,70167,8
13,4,CFG_IMUX8,24,70284,16
13,4,CFG_IMUX8,25,70400,16
13,4,CFG_IMUX8,26,70284,32
13,4,CFG_IMUX8,27,70400,32
13,4,CFG_IMUX8,28,70284,64
13,4,CFG_IMUX8,29,70400,64
13,4,CFG_IMUX8,30,70284,128
13,4,CFG_IMUX8,31,70400,128
13,4,CFG_IMUX8,32,70283,1
13,4,CFG_IMUX8,33,70283,2
13,4,CFG_IMUX8,34,70399,2
13,4,CFG_IMUX8,35,70399,1
13,4,CFG_IMUX8,36,70283,128
13,4,CFG_IMUX8,37,70399,128
13,4,CFG_IMUX8,38,70283,64
13,4,CFG_IMUX8,39,70399,64
13,4,CFG_IMUX8,40,70283,32
13,4,CFG_IMUX8,41,70399,32
13,4,CFG_IMUX8,42,70283,16
13,4,CFG_IMUX8,43,70399,16
13,4,CFG_IMUX8,44,70283,8
13,4,CFG_IMUX8,45,70283,4
13,4,CFG_IMUX8,46,70399,4
13,4,CFG_IMUX8,47,70399,8
13,4,CFG_IMUX9,0,70516,16
13,4,CFG_IMUX9,1,70632,16
13,4,CFG_IMUX9,2,70516,32
13,4,CFG_IMUX9,3,70632,32
13,4,CFG_IMUX9,4,70516,64
13,4,CFG_IMUX9,5,70632,64
13,4,CFG_IMUX9,6,70516,128
13,4,CFG_IMUX9,7,70632,128
13,4,CFG_IMUX9,8,70515,1
13,4,CFG_IMUX9,9,70515,2
13,4,CFG_IMUX9,10,70631,2
13,4,CFG_IMUX9,11,70631,1
13,4,CFG_IMUX9,12,70515,128
13,4,CFG_IMUX9,13,70631,128
13,4,CFG_IMUX9,14,70515,64
13,4,CFG_IMUX9,15,70631,64
13,4,CFG_IMUX9,16,70515,32
13,4,CFG_IMUX9,17,70631,32
13,4,CFG_IMUX9,18,70515,16
13,4,CFG_IMUX9,19,70631,16
13,4,CFG_IMUX9,20,70515,8
13,4,CFG_IMUX9,21,70515,4
13,4,CFG_IMUX9,22,70631,4
13,4,CFG_IMUX9,23,70631,8
13,4,CFG_IMUX9,24,70748,16
13,4,CFG_IMUX9,25,70864,16
13,4,CFG_IMUX9,26,70748,32
13,4,CFG_IMUX9,27,70864,32
13,4,CFG_IMUX9,28,70748,64
13,4,CFG_IMUX9,29,70864,64
13,4,CFG_IMUX9,30,70748,128
13,4,CFG_IMUX9,31,70864,128
13,4,CFG_IMUX9,32,70747,1
13,4,CFG_IMUX9,33,70747,2
13,4,CFG_IMUX9,34,70863,2
13,4,CFG_IMUX9,35,70863,1
13,4,CFG_IMUX9,36,70747,128
13,4,CFG_IMUX9,37,70863,128
13,4,CFG_IMUX9,38,70747,64
13,4,CFG_IMUX9,39,70863,64
13,4,CFG_IMUX9,40,70747,32
13,4,CFG_IMUX9,41,70863,32
13,4,CFG_IMUX9,42,70747,16
13,4,CFG_IMUX9,43,70863,16
13,4,CFG_IMUX9,44,70747,8
13,4,CFG_IMUX9,45,70747,4
13,4,CFG_IMUX9,46,70863,4
13,4,CFG_IMUX9,47,70863,8
13,4,CFG_KMUX,0,73530,128
13,4,CFG_KMUX,1,73646,128
13,4,CFG_KMUX,2,73530,64
13,4,CFG_KMUX,3,73646,64
13,4,CFG_KMUX,4,73530,32
13,4,CFG_KMUX,5,73530,16
13,4,CFG_KMUX,6,73646,16
13,4,CFG_KMUX,7,73646,32
13,4,CFG_KMUX,8,73646,2
13,4,CFG_KMUX,9,65874,128
13,4,CFG_KMUX,10,65990,128
13,4,CFG_KMUX,11,65874,64
13,4,CFG_KMUX,12,65990,64
13,4,CFG_KMUX,13,65874,32
13,4,CFG_KMUX,14,65874,16
13,4,CFG_KMUX,15,65990,16
13,4,CFG_KMUX,16,65990,32
13,4,CFG_KMUX,17,65990,2
13,4,CFG_KMUX,18,66338,128
13,4,CFG_KMUX,19,66454,128
13,4,CFG_KMUX,20,66338,64
13,4,CFG_KMUX,21,66454,64
13,4,CFG_KMUX,22,66338,32
13,4,CFG_KMUX,23,66338,16
13,4,CFG_KMUX,24,66454,16
13,4,CFG_KMUX,25,66454,32
13,4,CFG_KMUX,26,66454,2
13,4,CFG_KMUX,27,67034,128
13,4,CFG_KMUX,28,67150,128
13,4,CFG_KMUX,29,67034,64
13,4,CFG_KMUX,30,67150,64
13,4,CFG_KMUX,31,67034,32
13,4,CFG_KMUX,32,67034,16
13,4,CFG_KMUX,33,67150,16
13,4,CFG_KMUX,34,67150,32
13,4,CFG_KMUX,35,67150,2
13,4,CFG_KMUX,36,67498,128
13,4,CFG_KMUX,37,67614,128
13,4,CFG_KMUX,38,67498,64
13,4,CFG_KMUX,39,67614,64
13,4,CFG_KMUX,40,67498,32
13,4,CFG_KMUX,41,67498,16
13,4,CFG_KMUX,42,67614,16
13,4,CFG_KMUX,43,67614,32
13,4,CFG_KMUX,44,67614,2
13,4,CFG_KMUX,45,67730,128
13,4,CFG_KMUX,46,67846,128
13,4,CFG_KMUX,47,67730,64
13,4,CFG_KMUX,48,67846,64
13,4,CFG_KMUX,49,67730,32
13,4,CFG_KMUX,50,67730,16
13,4,CFG_KMUX,51,67846,16
13,4,CFG_KMUX,52,67846,32
13,4,CFG_KMUX,53,67846,2
13,4,CFG_KMUX,54,68194,128
13,4,CFG_KMUX,55,68310,128
13,4,CFG_KMUX,56,68194,64
13,4,CFG_KMUX,57,68310,64
13,4,CFG_KMUX,58,68194,32
13,4,CFG_KMUX,59,68194,16
13,4,CFG_KMUX,60,68310,16
13,4,CFG_KMUX,61,68310,32
13,4,CFG_KMUX,62,68310,2
13,4,CFG_KMUX,63,68890,128
13,4,CFG_KMUX,64,69006,128
13,4,CFG_KMUX,65,68890,64
13,4,CFG_KMUX,66,69006,64
13,4,CFG_KMUX,67,68890,32
13,4,CFG_KMUX,68,68890,16
13,4,CFG_KMUX,69,69006,16
13,4,CFG_KMUX,70,69006,32
13,4,CFG_KMUX,71,69006,2
13,4,CFG_KMUX,72,69354,128
13,4,CFG_KMUX,73,69470,128
13,4,CFG_KMUX,74,69354,64
13,4,CFG_KMUX,75,69470,64
13,4,CFG_KMUX,76,69354,32
13,4,CFG_KMUX,77,69354,16
13,4,CFG_KMUX,78,69470,16
13,4,CFG_KMUX,79,69470,32
13,4,CFG_KMUX,80,69470,2
13,4,CFG_KMUX,81,70050,128
13,4,CFG_KMUX,82,70166,128
13,4,CFG_KMUX,83,70050,64
13,4,CFG_KMUX,84,70166,64
13,4,CFG_KMUX,85,70050,32
13,4,CFG_KMUX,86,70050,16
13,4,CFG_KMUX,87,70166,16
13,4,CFG_KMUX,88,70166,32
13,4,CFG_KMUX,89,70166,2
13,4,CFG_KMUX,90,70514,128
13,4,CFG_KMUX,91,70630,128
13,4,CFG_KMUX,92,70514,64
13,4,CFG_KMUX,93,70630,64
13,4,CFG_KMUX,94,70514,32
13,4,CFG_KMUX,95,70514,16
13,4,CFG_KMUX,96,70630,16
13,4,CFG_KMUX,97,70630,32
13,4,CFG_KMUX,98,70630,2
13,4,CFG_KMUX,99,71210,128
13,4,CFG_KMUX,100,71326,128
13,4,CFG_KMUX,101,71210,64
13,4,CFG_KMUX,102,71326,64
13,4,CFG_KMUX,103,71210,32
13,4,CFG_KMUX,104,71210,16
13,4,CFG_KMUX,105,71326,16
13,4,CFG_KMUX,106,71326,32
13,4,CFG_KMUX,107,71326,2
13,4,CFG_KMUX,108,71674,128
13,4,CFG_KMUX,109,71790,128
13,4,CFG_KMUX,110,71674,64
13,4,CFG_KMUX,111,71790,64
13,4,CFG_KMUX,112,71674,32
13,4,CFG_KMUX,113,71674,16
13,4,CFG_KMUX,114,71790,16
13,4,CFG_KMUX,115,71790,32
13,4,CFG_KMUX,116,71790,2
13,4,CFG_KMUX,117,71906,128
13,4,CFG_KMUX,118,72022,128
13,4,CFG_KMUX,119,71906,64
13,4,CFG_KMUX,120,72022,64
13,4,CFG_KMUX,121,71906,32
13,4,CFG_KMUX,122,71906,16
13,4,CFG_KMUX,123,72022,16
13,4,CFG_KMUX,124,72022,32
13,4,CFG_KMUX,125,72022,2
13,4,CFG_KMUX,126,72370,128
13,4,CFG_KMUX,127,72486,128
13,4,CFG_KMUX,128,72370,64
13,4,CFG_KMUX,129,72486,64
13,4,CFG_KMUX,130,72370,32
13,4,CFG_KMUX,131,72370,16
13,4,CFG_KMUX,132,72486,16
13,4,CFG_KMUX,133,72486,32
13,4,CFG_KMUX,134,72486,2
13,4,CFG_KMUX,135,73066,128
13,4,CFG_KMUX,136,73182,128
13,4,CFG_KMUX,137,73066,64
13,4,CFG_KMUX,138,73182,64
13,4,CFG_KMUX,139,73066,32
13,4,CFG_KMUX,140,73066,16
13,4,CFG_KMUX,141,73182,16
13,4,CFG_KMUX,142,73182,32
13,4,CFG_KMUX,143,73182,2
13,4,CFG_PACKEDMODE,0,66222,64
13,4,CFG_PORTA_CLKIN_EN,0,66222,128
13,4,CFG_PORTA_CLKOUT_EN,0,66686,128
13,4,CFG_PORTA_RSTIN_EN,0,72254,128
13,4,CFG_PORTA_RSTOUT_EN,0,72718,128
13,4,CFG_PORTB_CLKIN_EN,0,68078,128
13,4,CFG_PORTB_CLKOUT_EN,0,69238,128
13,4,CFG_PORTB_RSTIN_EN,0,72950,128
13,4,CFG_PORTB_RSTOUT_EN,0,73414,128
13,4,CFG_RMUX0,0,65877,2
13,4,CFG_RMUX0,1,65993,2
13,4,CFG_RMUX0,2,65877,1
13,4,CFG_RMUX0,3,65993,1
13,4,CFG_RMUX0,4,65878,128
13,4,CFG_RMUX0,5,65994,128
13,4,CFG_RMUX0,6,65878,64
13,4,CFG_RMUX0,7,65878,32
13,4,CFG_RMUX0,8,65994,32
13,4,CFG_RMUX0,9,65994,64
13,4,CFG_RMUX0,10,66805,2
13,4,CFG_RMUX0,11,66921,2
13,4,CFG_RMUX0,12,66805,1
13,4,CFG_RMUX0,13,66921,1
13,4,CFG_RMUX0,14,66806,128
13,4,CFG_RMUX0,15,66922,128
13,4,CFG_RMUX0,16,66806,64
13,4,CFG_RMUX0,17,66806,32
13,4,CFG_RMUX0,18,66922,32
13,4,CFG_RMUX0,19,66922,64
13,4,CFG_RMUX0,20,65877,4
13,4,CFG_RMUX0,21,65993,4
13,4,CFG_RMUX0,22,65877,8
13,4,CFG_RMUX0,23,65993,8
13,4,CFG_RMUX0,24,65877,16
13,4,CFG_RMUX0,25,65993,16
13,4,CFG_RMUX0,26,65877,32
13,4,CFG_RMUX0,27,65877,64
13,4,CFG_RMUX0,28,65993,64
13,4,CFG_RMUX0,29,65993,32
13,4,CFG_RMUX0,30,66805,4
13,4,CFG_RMUX0,31,66921,4
13,4,CFG_RMUX0,32,66805,8
13,4,CFG_RMUX0,33,66921,8
13,4,CFG_RMUX0,34,66805,16
13,4,CFG_RMUX0,35,66921,16
13,4,CFG_RMUX0,36,66805,32
13,4,CFG_RMUX0,37,66805,64
13,4,CFG_RMUX0,38,66921,64
13,4,CFG_RMUX0,39,66921,32
13,4,CFG_RMUX0,40,65876,8
13,4,CFG_RMUX0,41,65992,8
13,4,CFG_RMUX0,42,65876,4
13,4,CFG_RMUX0,43,65992,4
13,4,CFG_RMUX0,44,65876,2
13,4,CFG_RMUX0,45,65992,2
13,4,CFG_RMUX0,46,65876,1
13,4,CFG_RMUX0,47,65877,128
13,4,CFG_RMUX0,48,65993,128
13,4,CFG_RMUX0,49,65992,1
13,4,CFG_RMUX0,50,66804,8
13,4,CFG_RMUX0,51,66920,8
13,4,CFG_RMUX0,52,66804,4
13,4,CFG_RMUX0,53,66920,4
13,4,CFG_RMUX0,54,66804,2
13,4,CFG_RMUX0,55,66920,2
13,4,CFG_RMUX0,56,66804,1
13,4,CFG_RMUX0,57,66805,128
13,4,CFG_RMUX0,58,66921,128
13,4,CFG_RMUX0,59,66920,1
13,4,CFG_RMUX1,0,66109,2
13,4,CFG_RMUX1,1,66225,2
13,4,CFG_RMUX1,2,66109,1
13,4,CFG_RMUX1,3,66225,1
13,4,CFG_RMUX1,4,66110,128
13,4,CFG_RMUX1,5,66226,128
13,4,CFG_RMUX1,6,66110,64
13,4,CFG_RMUX1,7,66110,32
13,4,CFG_RMUX1,8,66226,32
13,4,CFG_RMUX1,9,66226,64
13,4,CFG_RMUX1,10,67037,2
13,4,CFG_RMUX1,11,67153,2
13,4,CFG_RMUX1,12,67037,1
13,4,CFG_RMUX1,13,67153,1
13,4,CFG_RMUX1,14,67038,128
13,4,CFG_RMUX1,15,67154,128
13,4,CFG_RMUX1,16,67038,64
13,4,CFG_RMUX1,17,67038,32
13,4,CFG_RMUX1,18,67154,32
13,4,CFG_RMUX1,19,67154,64
13,4,CFG_RMUX1,20,66109,4
13,4,CFG_RMUX1,21,66225,4
13,4,CFG_RMUX1,22,66109,8
13,4,CFG_RMUX1,23,66225,8
13,4,CFG_RMUX1,24,66109,16
13,4,CFG_RMUX1,25,66225,16
13,4,CFG_RMUX1,26,66109,32
13,4,CFG_RMUX1,27,66109,64
13,4,CFG_RMUX1,28,66225,64
13,4,CFG_RMUX1,29,66225,32
13,4,CFG_RMUX1,30,67037,4
13,4,CFG_RMUX1,31,67153,4
13,4,CFG_RMUX1,32,67037,8
13,4,CFG_RMUX1,33,67153,8
13,4,CFG_RMUX1,34,67037,16
13,4,CFG_RMUX1,35,67153,16
13,4,CFG_RMUX1,36,67037,32
13,4,CFG_RMUX1,37,67037,64
13,4,CFG_RMUX1,38,67153,64
13,4,CFG_RMUX1,39,67153,32
13,4,CFG_RMUX1,40,66108,8
13,4,CFG_RMUX1,41,66224,8
13,4,CFG_RMUX1,42,66108,4
13,4,CFG_RMUX1,43,66224,4
13,4,CFG_RMUX1,44,66108,2
13,4,CFG_RMUX1,45,66224,2
13,4,CFG_RMUX1,46,66108,1
13,4,CFG_RMUX1,47,66109,128
13,4,CFG_RMUX1,48,66225,128
13,4,CFG_RMUX1,49,66224,1
13,4,CFG_RMUX1,50,67036,8
13,4,CFG_RMUX1,51,67152,8
13,4,CFG_RMUX1,52,67036,4
13,4,CFG_RMUX1,53,67152,4
13,4,CFG_RMUX1,54,67036,2
13,4,CFG_RMUX1,55,67152,2
13,4,CFG_RMUX1,56,67036,1
13,4,CFG_RMUX1,57,67037,128
13,4,CFG_RMUX1,58,67153,128
13,4,CFG_RMUX1,59,67152,1
13,4,CFG_RMUX10,0,71445,4
13,4,CFG_RMUX10,1,71561,4
13,4,CFG_RMUX10,2,71445,8
13,4,CFG_RMUX10,3,71561,8
13,4,CFG_RMUX10,4,71445,16
13,4,CFG_RMUX10,5,71561,16
13,4,CFG_RMUX10,6,71445,32
13,4,CFG_RMUX10,7,71445,64
13,4,CFG_RMUX10,8,71561,64
13,4,CFG_RMUX10,9,71561,32
13,4,CFG_RMUX10,10,70517,4
13,4,CFG_RMUX10,11,70633,4
13,4,CFG_RMUX10,12,70517,8
13,4,CFG_RMUX10,13,70633,8
13,4,CFG_RMUX10,14,70517,16
13,4,CFG_RMUX10,15,70633,16
13,4,CFG_RMUX10,16,70517,32
13,4,CFG_RMUX10,17,70517,64
13,4,CFG_RMUX10,18,70633,64
13,4,CFG_RMUX10,19,70633,32
13,4,CFG_RMUX10,20,71444,8
13,4,CFG_RMUX10,21,71560,8
13,4,CFG_RMUX10,22,71444,4
13,4,CFG_RMUX10,23,71560,4
13,4,CFG_RMUX10,24,71444,2
13,4,CFG_RMUX10,25,71560,2
13,4,CFG_RMUX10,26,71444,1
13,4,CFG_RMUX10,27,71445,128
13,4,CFG_RMUX10,28,71561,128
13,4,CFG_RMUX10,29,71560,1
13,4,CFG_RMUX10,30,70516,8
13,4,CFG_RMUX10,31,70632,8
13,4,CFG_RMUX10,32,70516,4
13,4,CFG_RMUX10,33,70632,4
13,4,CFG_RMUX10,34,70516,2
13,4,CFG_RMUX10,35,70632,2
13,4,CFG_RMUX10,36,70516,1
13,4,CFG_RMUX10,37,70517,128
13,4,CFG_RMUX10,38,70633,128
13,4,CFG_RMUX10,39,70632,1
13,4,CFG_RMUX10,40,71445,2
13,4,CFG_RMUX10,41,71561,2
13,4,CFG_RMUX10,42,71445,1
13,4,CFG_RMUX10,43,71561,1
13,4,CFG_RMUX10,44,71446,128
13,4,CFG_RMUX10,45,71562,128
13,4,CFG_RMUX10,46,71446,64
13,4,CFG_RMUX10,47,71446,32
13,4,CFG_RMUX10,48,71562,32
13,4,CFG_RMUX10,49,71562,64
13,4,CFG_RMUX10,50,70517,2
13,4,CFG_RMUX10,51,70633,2
13,4,CFG_RMUX10,52,70517,1
13,4,CFG_RMUX10,53,70633,1
13,4,CFG_RMUX10,54,70518,128
13,4,CFG_RMUX10,55,70634,128
13,4,CFG_RMUX10,56,70518,64
13,4,CFG_RMUX10,57,70518,32
13,4,CFG_RMUX10,58,70634,32
13,4,CFG_RMUX10,59,70634,64
13,4,CFG_RMUX11,0,71677,4
13,4,CFG_RMUX11,1,71793,4
13,4,CFG_RMUX11,2,71677,8
13,4,CFG_RMUX11,3,71793,8
13,4,CFG_RMUX11,4,71677,16
13,4,CFG_RMUX11,5,71793,16
13,4,CFG_RMUX11,6,71677,32
13,4,CFG_RMUX11,7,71677,64
13,4,CFG_RMUX11,8,71793,64
13,4,CFG_RMUX11,9,71793,32
13,4,CFG_RMUX11,10,70749,4
13,4,CFG_RMUX11,11,70865,4
13,4,CFG_RMUX11,12,70749,8
13,4,CFG_RMUX11,13,70865,8
13,4,CFG_RMUX11,14,70749,16
13,4,CFG_RMUX11,15,70865,16
13,4,CFG_RMUX11,16,70749,32
13,4,CFG_RMUX11,17,70749,64
13,4,CFG_RMUX11,18,70865,64
13,4,CFG_RMUX11,19,70865,32
13,4,CFG_RMUX11,20,71676,8
13,4,CFG_RMUX11,21,71792,8
13,4,CFG_RMUX11,22,71676,4
13,4,CFG_RMUX11,23,71792,4
13,4,CFG_RMUX11,24,71676,2
13,4,CFG_RMUX11,25,71792,2
13,4,CFG_RMUX11,26,71676,1
13,4,CFG_RMUX11,27,71677,128
13,4,CFG_RMUX11,28,71793,128
13,4,CFG_RMUX11,29,71792,1
13,4,CFG_RMUX11,30,70748,8
13,4,CFG_RMUX11,31,70864,8
13,4,CFG_RMUX11,32,70748,4
13,4,CFG_RMUX11,33,70864,4
13,4,CFG_RMUX11,34,70748,2
13,4,CFG_RMUX11,35,70864,2
13,4,CFG_RMUX11,36,70748,1
13,4,CFG_RMUX11,37,70749,128
13,4,CFG_RMUX11,38,70865,128
13,4,CFG_RMUX11,39,70864,1
13,4,CFG_RMUX11,40,71677,2
13,4,CFG_RMUX11,41,71793,2
13,4,CFG_RMUX11,42,71677,1
13,4,CFG_RMUX11,43,71793,1
13,4,CFG_RMUX11,44,71678,128
13,4,CFG_RMUX11,45,71794,128
13,4,CFG_RMUX11,46,71678,64
13,4,CFG_RMUX11,47,71678,32
13,4,CFG_RMUX11,48,71794,32
13,4,CFG_RMUX11,49,71794,64
13,4,CFG_RMUX11,50,70749,2
13,4,CFG_RMUX11,51,70865,2
13,4,CFG_RMUX11,52,70749,1
13,4,CFG_RMUX11,53,70865,1
13,4,CFG_RMUX11,54,70750,128
13,4,CFG_RMUX11,55,70866,128
13,4,CFG_RMUX11,56,70750,64
13,4,CFG_RMUX11,57,70750,32
13,4,CFG_RMUX11,58,70866,32
13,4,CFG_RMUX11,59,70866,64
13,4,CFG_RMUX12,0,71909,2
13,4,CFG_RMUX12,1,72025,2
13,4,CFG_RMUX12,2,71909,1
13,4,CFG_RMUX12,3,72025,1
13,4,CFG_RMUX12,4,71910,128
13,4,CFG_RMUX12,5,72026,128
13,4,CFG_RMUX12,6,71910,64
13,4,CFG_RMUX12,7,71910,32
13,4,CFG_RMUX12,8,72026,32
13,4,CFG_RMUX12,9,72026,64
13,4,CFG_RMUX12,10,72837,2
13,4,CFG_RMUX12,11,72953,2
13,4,CFG_RMUX12,12,72837,1
13,4,CFG_RMUX12,13,72953,1
13,4,CFG_RMUX12,14,72838,128
13,4,CFG_RMUX12,15,72954,128
13,4,CFG_RMUX12,16,72838,64
13,4,CFG_RMUX12,17,72838,32
13,4,CFG_RMUX12,18,72954,32
13,4,CFG_RMUX12,19,72954,64
13,4,CFG_RMUX12,20,71909,4
13,4,CFG_RMUX12,21,72025,4
13,4,CFG_RMUX12,22,71909,8
13,4,CFG_RMUX12,23,72025,8
13,4,CFG_RMUX12,24,71909,16
13,4,CFG_RMUX12,25,72025,16
13,4,CFG_RMUX12,26,71909,32
13,4,CFG_RMUX12,27,71909,64
13,4,CFG_RMUX12,28,72025,64
13,4,CFG_RMUX12,29,72025,32
13,4,CFG_RMUX12,30,72837,4
13,4,CFG_RMUX12,31,72953,4
13,4,CFG_RMUX12,32,72837,8
13,4,CFG_RMUX12,33,72953,8
13,4,CFG_RMUX12,34,72837,16
13,4,CFG_RMUX12,35,72953,16
13,4,CFG_RMUX12,36,72837,32
13,4,CFG_RMUX12,37,72837,64
13,4,CFG_RMUX12,38,72953,64
13,4,CFG_RMUX12,39,72953,32
13,4,CFG_RMUX12,40,71908,8
13,4,CFG_RMUX12,41,72024,8
13,4,CFG_RMUX12,42,71908,4
13,4,CFG_RMUX12,43,72024,4
13,4,CFG_RMUX12,44,71908,2
13,4,CFG_RMUX12,45,72024,2
13,4,CFG_RMUX12,46,71908,1
13,4,CFG_RMUX12,47,71909,128
13,4,CFG_RMUX12,48,72025,128
13,4,CFG_RMUX12,49,72024,1
13,4,CFG_RMUX12,50,72836,8
13,4,CFG_RMUX12,51,72952,8
13,4,CFG_RMUX12,52,72836,4
13,4,CFG_RMUX12,53,72952,4
13,4,CFG_RMUX12,54,72836,2
13,4,CFG_RMUX12,55,72952,2
13,4,CFG_RMUX12,56,72836,1
13,4,CFG_RMUX12,57,72837,128
13,4,CFG_RMUX12,58,72953,128
13,4,CFG_RMUX12,59,72952,1
13,4,CFG_RMUX13,0,72141,2
13,4,CFG_RMUX13,1,72257,2
13,4,CFG_RMUX13,2,72141,1
13,4,CFG_RMUX13,3,72257,1
13,4,CFG_RMUX13,4,72142,128
13,4,CFG_RMUX13,5,72258,128
13,4,CFG_RMUX13,6,72142,64
13,4,CFG_RMUX13,7,72142,32
13,4,CFG_RMUX13,8,72258,32
13,4,CFG_RMUX13,9,72258,64
13,4,CFG_RMUX13,10,73069,2
13,4,CFG_RMUX13,11,73185,2
13,4,CFG_RMUX13,12,73069,1
13,4,CFG_RMUX13,13,73185,1
13,4,CFG_RMUX13,14,73070,128
13,4,CFG_RMUX13,15,73186,128
13,4,CFG_RMUX13,16,73070,64
13,4,CFG_RMUX13,17,73070,32
13,4,CFG_RMUX13,18,73186,32
13,4,CFG_RMUX13,19,73186,64
13,4,CFG_RMUX13,20,72141,4
13,4,CFG_RMUX13,21,72257,4
13,4,CFG_RMUX13,22,72141,8
13,4,CFG_RMUX13,23,72257,8
13,4,CFG_RMUX13,24,72141,16
13,4,CFG_RMUX13,25,72257,16
13,4,CFG_RMUX13,26,72141,32
13,4,CFG_RMUX13,27,72141,64
13,4,CFG_RMUX13,28,72257,64
13,4,CFG_RMUX13,29,72257,32
13,4,CFG_RMUX13,30,73069,4
13,4,CFG_RMUX13,31,73185,4
13,4,CFG_RMUX13,32,73069,8
13,4,CFG_RMUX13,33,73185,8
13,4,CFG_RMUX13,34,73069,16
13,4,CFG_RMUX13,35,73185,16
13,4,CFG_RMUX13,36,73069,32
13,4,CFG_RMUX13,37,73069,64
13,4,CFG_RMUX13,38,73185,64
13,4,CFG_RMUX13,39,73185,32
13,4,CFG_RMUX13,40,72140,8
13,4,CFG_RMUX13,41,72256,8
13,4,CFG_RMUX13,42,72140,4
13,4,CFG_RMUX13,43,72256,4
13,4,CFG_RMUX13,44,72140,2
13,4,CFG_RMUX13,45,72256,2
13,4,CFG_RMUX13,46,72140,1
13,4,CFG_RMUX13,47,72141,128
13,4,CFG_RMUX13,48,72257,128
13,4,CFG_RMUX13,49,72256,1
13,4,CFG_RMUX13,50,73068,8
13,4,CFG_RMUX13,51,73184,8
13,4,CFG_RMUX13,52,73068,4
13,4,CFG_RMUX13,53,73184,4
13,4,CFG_RMUX13,54,73068,2
13,4,CFG_RMUX13,55,73184,2
13,4,CFG_RMUX13,56,73068,1
13,4,CFG_RMUX13,57,73069,128
13,4,CFG_RMUX13,58,73185,128
13,4,CFG_RMUX13,59,73184,1
13,4,CFG_RMUX14,0,73301,4
13,4,CFG_RMUX14,1,73417,4
13,4,CFG_RMUX14,2,73301,8
13,4,CFG_RMUX14,3,73417,8
13,4,CFG_RMUX14,4,73301,16
13,4,CFG_RMUX14,5,73417,16
13,4,CFG_RMUX14,6,73301,32
13,4,CFG_RMUX14,7,73301,64
13,4,CFG_RMUX14,8,73417,64
13,4,CFG_RMUX14,9,73417,32
13,4,CFG_RMUX14,10,72373,4
13,4,CFG_RMUX14,11,72489,4
13,4,CFG_RMUX14,12,72373,8
13,4,CFG_RMUX14,13,72489,8
13,4,CFG_RMUX14,14,72373,16
13,4,CFG_RMUX14,15,72489,16
13,4,CFG_RMUX14,16,72373,32
13,4,CFG_RMUX14,17,72373,64
13,4,CFG_RMUX14,18,72489,64
13,4,CFG_RMUX14,19,72489,32
13,4,CFG_RMUX14,20,73300,8
13,4,CFG_RMUX14,21,73416,8
13,4,CFG_RMUX14,22,73300,4
13,4,CFG_RMUX14,23,73416,4
13,4,CFG_RMUX14,24,73300,2
13,4,CFG_RMUX14,25,73416,2
13,4,CFG_RMUX14,26,73300,1
13,4,CFG_RMUX14,27,73301,128
13,4,CFG_RMUX14,28,73417,128
13,4,CFG_RMUX14,29,73416,1
13,4,CFG_RMUX14,30,72372,8
13,4,CFG_RMUX14,31,72488,8
13,4,CFG_RMUX14,32,72372,4
13,4,CFG_RMUX14,33,72488,4
13,4,CFG_RMUX14,34,72372,2
13,4,CFG_RMUX14,35,72488,2
13,4,CFG_RMUX14,36,72372,1
13,4,CFG_RMUX14,37,72373,128
13,4,CFG_RMUX14,38,72489,128
13,4,CFG_RMUX14,39,72488,1
13,4,CFG_RMUX14,40,73301,2
13,4,CFG_RMUX14,41,73417,2
13,4,CFG_RMUX14,42,73301,1
13,4,CFG_RMUX14,43,73417,1
13,4,CFG_RMUX14,44,73302,128
13,4,CFG_RMUX14,45,73418,128
13,4,CFG_RMUX14,46,73302,64
13,4,CFG_RMUX14,47,73302,32
13,4,CFG_RMUX14,48,73418,32
13,4,CFG_RMUX14,49,73418,64
13,4,CFG_RMUX14,50,72373,2
13,4,CFG_RMUX14,51,72489,2
13,4,CFG_RMUX14,52,72373,1
13,4,CFG_RMUX14,53,72489,1
13,4,CFG_RMUX14,54,72374,128
13,4,CFG_RMUX14,55,72490,128
13,4,CFG_RMUX14,56,72374,64
13,4,CFG_RMUX14,57,72374,32
13,4,CFG_RMUX14,58,72490,32
13,4,CFG_RMUX14,59,72490,64
13,4,CFG_RMUX15,0,73533,4
13,4,CFG_RMUX15,1,73649,4
13,4,CFG_RMUX15,2,73533,8
13,4,CFG_RMUX15,3,73649,8
13,4,CFG_RMUX15,4,73533,16
13,4,CFG_RMUX15,5,73649,16
13,4,CFG_RMUX15,6,73533,32
13,4,CFG_RMUX15,7,73533,64
13,4,CFG_RMUX15,8,73649,64
13,4,CFG_RMUX15,9,73649,32
13,4,CFG_RMUX15,10,72605,4
13,4,CFG_RMUX15,11,72721,4
13,4,CFG_RMUX15,12,72605,8
13,4,CFG_RMUX15,13,72721,8
13,4,CFG_RMUX15,14,72605,16
13,4,CFG_RMUX15,15,72721,16
13,4,CFG_RMUX15,16,72605,32
13,4,CFG_RMUX15,17,72605,64
13,4,CFG_RMUX15,18,72721,64
13,4,CFG_RMUX15,19,72721,32
13,4,CFG_RMUX15,20,73532,8
13,4,CFG_RMUX15,21,73648,8
13,4,CFG_RMUX15,22,73532,4
13,4,CFG_RMUX15,23,73648,4
13,4,CFG_RMUX15,24,73532,2
13,4,CFG_RMUX15,25,73648,2
13,4,CFG_RMUX15,26,73532,1
13,4,CFG_RMUX15,27,73533,128
13,4,CFG_RMUX15,28,73649,128
13,4,CFG_RMUX15,29,73648,1
13,4,CFG_RMUX15,30,72604,8
13,4,CFG_RMUX15,31,72720,8
13,4,CFG_RMUX15,32,72604,4
13,4,CFG_RMUX15,33,72720,4
13,4,CFG_RMUX15,34,72604,2
13,4,CFG_RMUX15,35,72720,2
13,4,CFG_RMUX15,36,72604,1
13,4,CFG_RMUX15,37,72605,128
13,4,CFG_RMUX15,38,72721,128
13,4,CFG_RMUX15,39,72720,1
13,4,CFG_RMUX15,40,73533,2
13,4,CFG_RMUX15,41,73649,2
13,4,CFG_RMUX15,42,73533,1
13,4,CFG_RMUX15,43,73649,1
13,4,CFG_RMUX15,44,73534,128
13,4,CFG_RMUX15,45,73650,128
13,4,CFG_RMUX15,46,73534,64
13,4,CFG_RMUX15,47,73534,32
13,4,CFG_RMUX15,48,73650,32
13,4,CFG_RMUX15,49,73650,64
13,4,CFG_RMUX15,50,72605,2
13,4,CFG_RMUX15,51,72721,2
13,4,CFG_RMUX15,52,72605,1
13,4,CFG_RMUX15,53,72721,1
13,4,CFG_RMUX15,54,72606,128
13,4,CFG_RMUX15,55,72722,128
13,4,CFG_RMUX15,56,72606,64
13,4,CFG_RMUX15,57,72606,32
13,4,CFG_RMUX15,58,72722,32
13,4,CFG_RMUX15,59,72722,64
13,4,CFG_RMUX2,0,67269,4
13,4,CFG_RMUX2,1,67385,4
13,4,CFG_RMUX2,2,67269,8
13,4,CFG_RMUX2,3,67385,8
13,4,CFG_RMUX2,4,67269,16
13,4,CFG_RMUX2,5,67385,16
13,4,CFG_RMUX2,6,67269,32
13,4,CFG_RMUX2,7,67269,64
13,4,CFG_RMUX2,8,67385,64
13,4,CFG_RMUX2,9,67385,32
13,4,CFG_RMUX2,10,66341,4
13,4,CFG_RMUX2,11,66457,4
13,4,CFG_RMUX2,12,66341,8
13,4,CFG_RMUX2,13,66457,8
13,4,CFG_RMUX2,14,66341,16
13,4,CFG_RMUX2,15,66457,16
13,4,CFG_RMUX2,16,66341,32
13,4,CFG_RMUX2,17,66341,64
13,4,CFG_RMUX2,18,66457,64
13,4,CFG_RMUX2,19,66457,32
13,4,CFG_RMUX2,20,67268,8
13,4,CFG_RMUX2,21,67384,8
13,4,CFG_RMUX2,22,67268,4
13,4,CFG_RMUX2,23,67384,4
13,4,CFG_RMUX2,24,67268,2
13,4,CFG_RMUX2,25,67384,2
13,4,CFG_RMUX2,26,67268,1
13,4,CFG_RMUX2,27,67269,128
13,4,CFG_RMUX2,28,67385,128
13,4,CFG_RMUX2,29,67384,1
13,4,CFG_RMUX2,30,66340,8
13,4,CFG_RMUX2,31,66456,8
13,4,CFG_RMUX2,32,66340,4
13,4,CFG_RMUX2,33,66456,4
13,4,CFG_RMUX2,34,66340,2
13,4,CFG_RMUX2,35,66456,2
13,4,CFG_RMUX2,36,66340,1
13,4,CFG_RMUX2,37,66341,128
13,4,CFG_RMUX2,38,66457,128
13,4,CFG_RMUX2,39,66456,1
13,4,CFG_RMUX2,40,67269,2
13,4,CFG_RMUX2,41,67385,2
13,4,CFG_RMUX2,42,67269,1
13,4,CFG_RMUX2,43,67385,1
13,4,CFG_RMUX2,44,67270,128
13,4,CFG_RMUX2,45,67386,128
13,4,CFG_RMUX2,46,67270,64
13,4,CFG_RMUX2,47,67270,32
13,4,CFG_RMUX2,48,67386,32
13,4,CFG_RMUX2,49,67386,64
13,4,CFG_RMUX2,50,66341,2
13,4,CFG_RMUX2,51,66457,2
13,4,CFG_RMUX2,52,66341,1
13,4,CFG_RMUX2,53,66457,1
13,4,CFG_RMUX2,54,66342,128
13,4,CFG_RMUX2,55,66458,128
13,4,CFG_RMUX2,56,66342,64
13,4,CFG_RMUX2,57,66342,32
13,4,CFG_RMUX2,58,66458,32
13,4,CFG_RMUX2,59,66458,64
13,4,CFG_RMUX3,0,67501,4
13,4,CFG_RMUX3,1,67617,4
13,4,CFG_RMUX3,2,67501,8
13,4,CFG_RMUX3,3,67617,8
13,4,CFG_RMUX3,4,67501,16
13,4,CFG_RMUX3,5,67617,16
13,4,CFG_RMUX3,6,67501,32
13,4,CFG_RMUX3,7,67501,64
13,4,CFG_RMUX3,8,67617,64
13,4,CFG_RMUX3,9,67617,32
13,4,CFG_RMUX3,10,66573,4
13,4,CFG_RMUX3,11,66689,4
13,4,CFG_RMUX3,12,66573,8
13,4,CFG_RMUX3,13,66689,8
13,4,CFG_RMUX3,14,66573,16
13,4,CFG_RMUX3,15,66689,16
13,4,CFG_RMUX3,16,66573,32
13,4,CFG_RMUX3,17,66573,64
13,4,CFG_RMUX3,18,66689,64
13,4,CFG_RMUX3,19,66689,32
13,4,CFG_RMUX3,20,67500,8
13,4,CFG_RMUX3,21,67616,8
13,4,CFG_RMUX3,22,67500,4
13,4,CFG_RMUX3,23,67616,4
13,4,CFG_RMUX3,24,67500,2
13,4,CFG_RMUX3,25,67616,2
13,4,CFG_RMUX3,26,67500,1
13,4,CFG_RMUX3,27,67501,128
13,4,CFG_RMUX3,28,67617,128
13,4,CFG_RMUX3,29,67616,1
13,4,CFG_RMUX3,30,66572,8
13,4,CFG_RMUX3,31,66688,8
13,4,CFG_RMUX3,32,66572,4
13,4,CFG_RMUX3,33,66688,4
13,4,CFG_RMUX3,34,66572,2
13,4,CFG_RMUX3,35,66688,2
13,4,CFG_RMUX3,36,66572,1
13,4,CFG_RMUX3,37,66573,128
13,4,CFG_RMUX3,38,66689,128
13,4,CFG_RMUX3,39,66688,1
13,4,CFG_RMUX3,40,67501,2
13,4,CFG_RMUX3,41,67617,2
13,4,CFG_RMUX3,42,67501,1
13,4,CFG_RMUX3,43,67617,1
13,4,CFG_RMUX3,44,67502,128
13,4,CFG_RMUX3,45,67618,128
13,4,CFG_RMUX3,46,67502,64
13,4,CFG_RMUX3,47,67502,32
13,4,CFG_RMUX3,48,67618,32
13,4,CFG_RMUX3,49,67618,64
13,4,CFG_RMUX3,50,66573,2
13,4,CFG_RMUX3,51,66689,2
13,4,CFG_RMUX3,52,66573,1
13,4,CFG_RMUX3,53,66689,1
13,4,CFG_RMUX3,54,66574,128
13,4,CFG_RMUX3,55,66690,128
13,4,CFG_RMUX3,56,66574,64
13,4,CFG_RMUX3,57,66574,32
13,4,CFG_RMUX3,58,66690,32
13,4,CFG_RMUX3,59,66690,64
13,4,CFG_RMUX4,0,67733,2
13,4,CFG_RMUX4,1,67849,2
13,4,CFG_RMUX4,2,67733,1
13,4,CFG_RMUX4,3,67849,1
13,4,CFG_RMUX4,4,67734,128
13,4,CFG_RMUX4,5,67850,128
13,4,CFG_RMUX4,6,67734,64
13,4,CFG_RMUX4,7,67734,32
13,4,CFG_RMUX4,8,67850,32
13,4,CFG_RMUX4,9,67850,64
13,4,CFG_RMUX4,10,68661,2
13,4,CFG_RMUX4,11,68777,2
13,4,CFG_RMUX4,12,68661,1
13,4,CFG_RMUX4,13,68777,1
13,4,CFG_RMUX4,14,68662,128
13,4,CFG_RMUX4,15,68778,128
13,4,CFG_RMUX4,16,68662,64
13,4,CFG_RMUX4,17,68662,32
13,4,CFG_RMUX4,18,68778,32
13,4,CFG_RMUX4,19,68778,64
13,4,CFG_RMUX4,20,67733,4
13,4,CFG_RMUX4,21,67849,4
13,4,CFG_RMUX4,22,67733,8
13,4,CFG_RMUX4,23,67849,8
13,4,CFG_RMUX4,24,67733,16
13,4,CFG_RMUX4,25,67849,16
13,4,CFG_RMUX4,26,67733,32
13,4,CFG_RMUX4,27,67733,64
13,4,CFG_RMUX4,28,67849,64
13,4,CFG_RMUX4,29,67849,32
13,4,CFG_RMUX4,30,68661,4
13,4,CFG_RMUX4,31,68777,4
13,4,CFG_RMUX4,32,68661,8
13,4,CFG_RMUX4,33,68777,8
13,4,CFG_RMUX4,34,68661,16
13,4,CFG_RMUX4,35,68777,16
13,4,CFG_RMUX4,36,68661,32
13,4,CFG_RMUX4,37,68661,64
13,4,CFG_RMUX4,38,68777,64
13,4,CFG_RMUX4,39,68777,32
13,4,CFG_RMUX4,40,67732,8
13,4,CFG_RMUX4,41,67848,8
13,4,CFG_RMUX4,42,67732,4
13,4,CFG_RMUX4,43,67848,4
13,4,CFG_RMUX4,44,67732,2
13,4,CFG_RMUX4,45,67848,2
13,4,CFG_RMUX4,46,67732,1
13,4,CFG_RMUX4,47,67733,128
13,4,CFG_RMUX4,48,67849,128
13,4,CFG_RMUX4,49,67848,1
13,4,CFG_RMUX4,50,68660,8
13,4,CFG_RMUX4,51,68776,8
13,4,CFG_RMUX4,52,68660,4
13,4,CFG_RMUX4,53,68776,4
13,4,CFG_RMUX4,54,68660,2
13,4,CFG_RMUX4,55,68776,2
13,4,CFG_RMUX4,56,68660,1
13,4,CFG_RMUX4,57,68661,128
13,4,CFG_RMUX4,58,68777,128
13,4,CFG_RMUX4,59,68776,1
13,4,CFG_RMUX5,0,67965,2
13,4,CFG_RMUX5,1,68081,2
13,4,CFG_RMUX5,2,67965,1
13,4,CFG_RMUX5,3,68081,1
13,4,CFG_RMUX5,4,67966,128
13,4,CFG_RMUX5,5,68082,128
13,4,CFG_RMUX5,6,67966,64
13,4,CFG_RMUX5,7,67966,32
13,4,CFG_RMUX5,8,68082,32
13,4,CFG_RMUX5,9,68082,64
13,4,CFG_RMUX5,10,68893,2
13,4,CFG_RMUX5,11,69009,2
13,4,CFG_RMUX5,12,68893,1
13,4,CFG_RMUX5,13,69009,1
13,4,CFG_RMUX5,14,68894,128
13,4,CFG_RMUX5,15,69010,128
13,4,CFG_RMUX5,16,68894,64
13,4,CFG_RMUX5,17,68894,32
13,4,CFG_RMUX5,18,69010,32
13,4,CFG_RMUX5,19,69010,64
13,4,CFG_RMUX5,20,67965,4
13,4,CFG_RMUX5,21,68081,4
13,4,CFG_RMUX5,22,67965,8
13,4,CFG_RMUX5,23,68081,8
13,4,CFG_RMUX5,24,67965,16
13,4,CFG_RMUX5,25,68081,16
13,4,CFG_RMUX5,26,67965,32
13,4,CFG_RMUX5,27,67965,64
13,4,CFG_RMUX5,28,68081,64
13,4,CFG_RMUX5,29,68081,32
13,4,CFG_RMUX5,30,68893,4
13,4,CFG_RMUX5,31,69009,4
13,4,CFG_RMUX5,32,68893,8
13,4,CFG_RMUX5,33,69009,8
13,4,CFG_RMUX5,34,68893,16
13,4,CFG_RMUX5,35,69009,16
13,4,CFG_RMUX5,36,68893,32
13,4,CFG_RMUX5,37,68893,64
13,4,CFG_RMUX5,38,69009,64
13,4,CFG_RMUX5,39,69009,32
13,4,CFG_RMUX5,40,67964,8
13,4,CFG_RMUX5,41,68080,8
13,4,CFG_RMUX5,42,67964,4
13,4,CFG_RMUX5,43,68080,4
13,4,CFG_RMUX5,44,67964,2
13,4,CFG_RMUX5,45,68080,2
13,4,CFG_RMUX5,46,67964,1
13,4,CFG_RMUX5,47,67965,128
13,4,CFG_RMUX5,48,68081,128
13,4,CFG_RMUX5,49,68080,1
13,4,CFG_RMUX5,50,68892,8
13,4,CFG_RMUX5,51,69008,8
13,4,CFG_RMUX5,52,68892,4
13,4,CFG_RMUX5,53,69008,4
13,4,CFG_RMUX5,54,68892,2
13,4,CFG_RMUX5,55,69008,2
13,4,CFG_RMUX5,56,68892,1
13,4,CFG_RMUX5,57,68893,128
13,4,CFG_RMUX5,58,69009,128
13,4,CFG_RMUX5,59,69008,1
13,4,CFG_RMUX6,0,69125,4
13,4,CFG_RMUX6,1,69241,4
13,4,CFG_RMUX6,2,69125,8
13,4,CFG_RMUX6,3,69241,8
13,4,CFG_RMUX6,4,69125,16
13,4,CFG_RMUX6,5,69241,16
13,4,CFG_RMUX6,6,69125,32
13,4,CFG_RMUX6,7,69125,64
13,4,CFG_RMUX6,8,69241,64
13,4,CFG_RMUX6,9,69241,32
13,4,CFG_RMUX6,10,68197,4
13,4,CFG_RMUX6,11,68313,4
13,4,CFG_RMUX6,12,68197,8
13,4,CFG_RMUX6,13,68313,8
13,4,CFG_RMUX6,14,68197,16
13,4,CFG_RMUX6,15,68313,16
13,4,CFG_RMUX6,16,68197,32
13,4,CFG_RMUX6,17,68197,64
13,4,CFG_RMUX6,18,68313,64
13,4,CFG_RMUX6,19,68313,32
13,4,CFG_RMUX6,20,69124,8
13,4,CFG_RMUX6,21,69240,8
13,4,CFG_RMUX6,22,69124,4
13,4,CFG_RMUX6,23,69240,4
13,4,CFG_RMUX6,24,69124,2
13,4,CFG_RMUX6,25,69240,2
13,4,CFG_RMUX6,26,69124,1
13,4,CFG_RMUX6,27,69125,128
13,4,CFG_RMUX6,28,69241,128
13,4,CFG_RMUX6,29,69240,1
13,4,CFG_RMUX6,30,68196,8
13,4,CFG_RMUX6,31,68312,8
13,4,CFG_RMUX6,32,68196,4
13,4,CFG_RMUX6,33,68312,4
13,4,CFG_RMUX6,34,68196,2
13,4,CFG_RMUX6,35,68312,2
13,4,CFG_RMUX6,36,68196,1
13,4,CFG_RMUX6,37,68197,128
13,4,CFG_RMUX6,38,68313,128
13,4,CFG_RMUX6,39,68312,1
13,4,CFG_RMUX6,40,69125,2
13,4,CFG_RMUX6,41,69241,2
13,4,CFG_RMUX6,42,69125,1
13,4,CFG_RMUX6,43,69241,1
13,4,CFG_RMUX6,44,69126,128
13,4,CFG_RMUX6,45,69242,128
13,4,CFG_RMUX6,46,69126,64
13,4,CFG_RMUX6,47,69126,32
13,4,CFG_RMUX6,48,69242,32
13,4,CFG_RMUX6,49,69242,64
13,4,CFG_RMUX6,50,68197,2
13,4,CFG_RMUX6,51,68313,2
13,4,CFG_RMUX6,52,68197,1
13,4,CFG_RMUX6,53,68313,1
13,4,CFG_RMUX6,54,68198,128
13,4,CFG_RMUX6,55,68314,128
13,4,CFG_RMUX6,56,68198,64
13,4,CFG_RMUX6,57,68198,32
13,4,CFG_RMUX6,58,68314,32
13,4,CFG_RMUX6,59,68314,64
13,4,CFG_RMUX7,0,69357,4
13,4,CFG_RMUX7,1,69473,4
13,4,CFG_RMUX7,2,69357,8
13,4,CFG_RMUX7,3,69473,8
13,4,CFG_RMUX7,4,69357,16
13,4,CFG_RMUX7,5,69473,16
13,4,CFG_RMUX7,6,69357,32
13,4,CFG_RMUX7,7,69357,64
13,4,CFG_RMUX7,8,69473,64
13,4,CFG_RMUX7,9,69473,32
13,4,CFG_RMUX7,10,68429,4
13,4,CFG_RMUX7,11,68545,4
13,4,CFG_RMUX7,12,68429,8
13,4,CFG_RMUX7,13,68545,8
13,4,CFG_RMUX7,14,68429,16
13,4,CFG_RMUX7,15,68545,16
13,4,CFG_RMUX7,16,68429,32
13,4,CFG_RMUX7,17,68429,64
13,4,CFG_RMUX7,18,68545,64
13,4,CFG_RMUX7,19,68545,32
13,4,CFG_RMUX7,20,69356,8
13,4,CFG_RMUX7,21,69472,8
13,4,CFG_RMUX7,22,69356,4
13,4,CFG_RMUX7,23,69472,4
13,4,CFG_RMUX7,24,69356,2
13,4,CFG_RMUX7,25,69472,2
13,4,CFG_RMUX7,26,69356,1
13,4,CFG_RMUX7,27,69357,128
13,4,CFG_RMUX7,28,69473,128
13,4,CFG_RMUX7,29,69472,1
13,4,CFG_RMUX7,30,68428,8
13,4,CFG_RMUX7,31,68544,8
13,4,CFG_RMUX7,32,68428,4
13,4,CFG_RMUX7,33,68544,4
13,4,CFG_RMUX7,34,68428,2
13,4,CFG_RMUX7,35,68544,2
13,4,CFG_RMUX7,36,68428,1
13,4,CFG_RMUX7,37,68429,128
13,4,CFG_RMUX7,38,68545,128
13,4,CFG_RMUX7,39,68544,1
13,4,CFG_RMUX7,40,69357,2
13,4,CFG_RMUX7,41,69473,2
13,4,CFG_RMUX7,42,69357,1
13,4,CFG_RMUX7,43,69473,1
13,4,CFG_RMUX7,44,69358,128
13,4,CFG_RMUX7,45,69474,128
13,4,CFG_RMUX7,46,69358,64
13,4,CFG_RMUX7,47,69358,32
13,4,CFG_RMUX7,48,69474,32
13,4,CFG_RMUX7,49,69474,64
13,4,CFG_RMUX7,50,68429,2
13,4,CFG_RMUX7,51,68545,2
13,4,CFG_RMUX7,52,68429,1
13,4,CFG_RMUX7,53,68545,1
13,4,CFG_RMUX7,54,68430,128
13,4,CFG_RMUX7,55,68546,128
13,4,CFG_RMUX7,56,68430,64
13,4,CFG_RMUX7,57,68430,32
13,4,CFG_RMUX7,58,68546,32
13,4,CFG_RMUX7,59,68546,64
13,4,CFG_RMUX8,0,70053,2
13,4,CFG_RMUX8,1,70169,2
13,4,CFG_RMUX8,2,70053,1
13,4,CFG_RMUX8,3,70169,1
13,4,CFG_RMUX8,4,70054,128
13,4,CFG_RMUX8,5,70170,128
13,4,CFG_RMUX8,6,70054,64
13,4,CFG_RMUX8,7,70054,32
13,4,CFG_RMUX8,8,70170,32
13,4,CFG_RMUX8,9,70170,64
13,4,CFG_RMUX8,10,70981,2
13,4,CFG_RMUX8,11,71097,2
13,4,CFG_RMUX8,12,70981,1
13,4,CFG_RMUX8,13,71097,1
13,4,CFG_RMUX8,14,70982,128
13,4,CFG_RMUX8,15,71098,128
13,4,CFG_RMUX8,16,70982,64
13,4,CFG_RMUX8,17,70982,32
13,4,CFG_RMUX8,18,71098,32
13,4,CFG_RMUX8,19,71098,64
13,4,CFG_RMUX8,20,70053,4
13,4,CFG_RMUX8,21,70169,4
13,4,CFG_RMUX8,22,70053,8
13,4,CFG_RMUX8,23,70169,8
13,4,CFG_RMUX8,24,70053,16
13,4,CFG_RMUX8,25,70169,16
13,4,CFG_RMUX8,26,70053,32
13,4,CFG_RMUX8,27,70053,64
13,4,CFG_RMUX8,28,70169,64
13,4,CFG_RMUX8,29,70169,32
13,4,CFG_RMUX8,30,70981,4
13,4,CFG_RMUX8,31,71097,4
13,4,CFG_RMUX8,32,70981,8
13,4,CFG_RMUX8,33,71097,8
13,4,CFG_RMUX8,34,70981,16
13,4,CFG_RMUX8,35,71097,16
13,4,CFG_RMUX8,36,70981,32
13,4,CFG_RMUX8,37,70981,64
13,4,CFG_RMUX8,38,71097,64
13,4,CFG_RMUX8,39,71097,32
13,4,CFG_RMUX8,40,70052,8
13,4,CFG_RMUX8,41,70168,8
13,4,CFG_RMUX8,42,70052,4
13,4,CFG_RMUX8,43,70168,4
13,4,CFG_RMUX8,44,70052,2
13,4,CFG_RMUX8,45,70168,2
13,4,CFG_RMUX8,46,70052,1
13,4,CFG_RMUX8,47,70053,128
13,4,CFG_RMUX8,48,70169,128
13,4,CFG_RMUX8,49,70168,1
13,4,CFG_RMUX8,50,70980,8
13,4,CFG_RMUX8,51,71096,8
13,4,CFG_RMUX8,52,70980,4
13,4,CFG_RMUX8,53,71096,4
13,4,CFG_RMUX8,54,70980,2
13,4,CFG_RMUX8,55,71096,2
13,4,CFG_RMUX8,56,70980,1
13,4,CFG_RMUX8,57,70981,128
13,4,CFG_RMUX8,58,71097,128
13,4,CFG_RMUX8,59,71096,1
13,4,CFG_RMUX9,0,70285,2
13,4,CFG_RMUX9,1,70401,2
13,4,CFG_RMUX9,2,70285,1
13,4,CFG_RMUX9,3,70401,1
13,4,CFG_RMUX9,4,70286,128
13,4,CFG_RMUX9,5,70402,128
13,4,CFG_RMUX9,6,70286,64
13,4,CFG_RMUX9,7,70286,32
13,4,CFG_RMUX9,8,70402,32
13,4,CFG_RMUX9,9,70402,64
13,4,CFG_RMUX9,10,71213,2
13,4,CFG_RMUX9,11,71329,2
13,4,CFG_RMUX9,12,71213,1
13,4,CFG_RMUX9,13,71329,1
13,4,CFG_RMUX9,14,71214,128
13,4,CFG_RMUX9,15,71330,128
13,4,CFG_RMUX9,16,71214,64
13,4,CFG_RMUX9,17,71214,32
13,4,CFG_RMUX9,18,71330,32
13,4,CFG_RMUX9,19,71330,64
13,4,CFG_RMUX9,20,70285,4
13,4,CFG_RMUX9,21,70401,4
13,4,CFG_RMUX9,22,70285,8
13,4,CFG_RMUX9,23,70401,8
13,4,CFG_RMUX9,24,70285,16
13,4,CFG_RMUX9,25,70401,16
13,4,CFG_RMUX9,26,70285,32
13,4,CFG_RMUX9,27,70285,64
13,4,CFG_RMUX9,28,70401,64
13,4,CFG_RMUX9,29,70401,32
13,4,CFG_RMUX9,30,71213,4
13,4,CFG_RMUX9,31,71329,4
13,4,CFG_RMUX9,32,71213,8
13,4,CFG_RMUX9,33,71329,8
13,4,CFG_RMUX9,34,71213,16
13,4,CFG_RMUX9,35,71329,16
13,4,CFG_RMUX9,36,71213,32
13,4,CFG_RMUX9,37,71213,64
13,4,CFG_RMUX9,38,71329,64
13,4,CFG_RMUX9,39,71329,32
13,4,CFG_RMUX9,40,70284,8
13,4,CFG_RMUX9,41,70400,8
13,4,CFG_RMUX9,42,70284,4
13,4,CFG_RMUX9,43,70400,4
13,4,CFG_RMUX9,44,70284,2
13,4,CFG_RMUX9,45,70400,2
13,4,CFG_RMUX9,46,70284,1
13,4,CFG_RMUX9,47,70285,128
13,4,CFG_RMUX9,48,70401,128
13,4,CFG_RMUX9,49,70400,1
13,4,CFG_RMUX9,50,71212,8
13,4,CFG_RMUX9,51,71328,8
13,4,CFG_RMUX9,52,71212,4
13,4,CFG_RMUX9,53,71328,4
13,4,CFG_RMUX9,54,71212,2
13,4,CFG_RMUX9,55,71328,2
13,4,CFG_RMUX9,56,71212,1
13,4,CFG_RMUX9,57,71213,128
13,4,CFG_RMUX9,58,71329,128
13,4,CFG_RMUX9,59,71328,1
13,4,CFG_RSEN_DLY,0,67382,64
13,4,CFG_RSEN_DLY,1,68542,64
13,4,CFG_SELOUT_A,0,69238,64
13,4,CFG_SELOUT_B,0,70398,128
13,4,CFG_SEL_WRITHU_A,0,66918,128
13,4,CFG_SEL_WRITHU_B,0,72718,64
13,4,CFG_SeamMUX,0,69590,128
13,4,CFG_SeamMUX,1,69589,1
13,4,CFG_SeamMUX,2,69589,2
13,4,CFG_SeamMUX,3,69589,4
13,4,CFG_SeamMUX,4,69589,8
13,4,CFG_SeamMUX,5,69589,16
13,4,CFG_SeamMUX,6,69938,128
13,4,CFG_SeamMUX,7,69937,1
13,4,CFG_SeamMUX,8,69937,2
13,4,CFG_SeamMUX,9,69937,4
13,4,CFG_SeamMUX,10,69937,8
13,4,CFG_SeamMUX,11,69937,16
13,4,CFG_SeamMUX,12,69589,32
13,4,CFG_SeamMUX,13,69589,64
13,4,CFG_SeamMUX,14,69589,128
13,4,CFG_SeamMUX,15,69588,1
13,4,CFG_SeamMUX,16,69588,2
13,4,CFG_SeamMUX,17,69588,4
13,4,CFG_SeamMUX,18,69937,32
13,4,CFG_SeamMUX,19,69937,64
13,4,CFG_SeamMUX,20,69937,128
13,4,CFG_SeamMUX,21,69936,1
13,4,CFG_SeamMUX,22,69936,2
13,4,CFG_SeamMUX,23,69936,4
13,4,CFG_SeamMUX,24,68894,16
13,4,CFG_SeamMUX,25,69010,16
13,4,CFG_SeamMUX,26,69126,16
13,4,CFG_SeamMUX,27,69242,16
13,4,CFG_SeamMUX,28,69358,16
13,4,CFG_SeamMUX,29,69474,16
13,4,CFG_SeamMUX,30,70634,16
13,4,CFG_SeamMUX,31,70518,16
13,4,CFG_SeamMUX,32,70402,16
13,4,CFG_SeamMUX,33,70286,16
13,4,CFG_SeamMUX,34,70170,16
13,4,CFG_SeamMUX,35,70054,16
13,4,CFG_TMUX,0,66106,1
13,4,CFG_TMUX,1,66222,1
13,4,CFG_TMUX,2,66106,2
13,4,CFG_TMUX,3,66222,2
13,4,CFG_TMUX,4,66106,4
13,4,CFG_TMUX,5,66106,8
13,4,CFG_TMUX,6,66222,8
13,4,CFG_TMUX,7,66222,4
13,4,CFG_TMUX,8,66570,1
13,4,CFG_TMUX,9,66686,1
13,4,CFG_TMUX,10,66570,2
13,4,CFG_TMUX,11,66686,2
13,4,CFG_TMUX,12,66570,4
13,4,CFG_TMUX,13,66570,8
13,4,CFG_TMUX,14,66686,8
13,4,CFG_TMUX,15,66686,4
13,4,CFG_TMUX,16,66802,1
13,4,CFG_TMUX,17,66918,1
13,4,CFG_TMUX,18,66802,2
13,4,CFG_TMUX,19,66918,2
13,4,CFG_TMUX,20,66802,4
13,4,CFG_TMUX,21,66802,8
13,4,CFG_TMUX,22,66918,8
13,4,CFG_TMUX,23,66918,4
13,4,CFG_TMUX,24,67266,1
13,4,CFG_TMUX,25,67382,1
13,4,CFG_TMUX,26,67266,2
13,4,CFG_TMUX,27,67382,2
13,4,CFG_TMUX,28,67266,4
13,4,CFG_TMUX,29,67266,8
13,4,CFG_TMUX,30,67382,8
13,4,CFG_TMUX,31,67382,4
13,4,CFG_TMUX,32,67962,1
13,4,CFG_TMUX,33,68078,1
13,4,CFG_TMUX,34,67962,2
13,4,CFG_TMUX,35,68078,2
13,4,CFG_TMUX,36,67962,4
13,4,CFG_TMUX,37,67962,8
13,4,CFG_TMUX,38,68078,8
13,4,CFG_TMUX,39,68078,4
13,4,CFG_TMUX,40,68426,1
13,4,CFG_TMUX,41,68542,1
13,4,CFG_TMUX,42,68426,2
13,4,CFG_TMUX,43,68542,2
13,4,CFG_TMUX,44,68426,4
13,4,CFG_TMUX,45,68426,8
13,4,CFG_TMUX,46,68542,8
13,4,CFG_TMUX,47,68542,4
13,4,CFG_TMUX,48,68658,1
13,4,CFG_TMUX,49,68774,1
13,4,CFG_TMUX,50,68658,2
13,4,CFG_TMUX,51,68774,2
13,4,CFG_TMUX,52,68658,4
13,4,CFG_TMUX,53,68658,8
13,4,CFG_TMUX,54,68774,8
13,4,CFG_TMUX,55,68774,4
13,4,CFG_TMUX,56,69122,1
13,4,CFG_TMUX,57,69238,1
13,4,CFG_TMUX,58,69122,2
13,4,CFG_TMUX,59,69238,2
13,4,CFG_TMUX,60,69122,4
13,4,CFG_TMUX,61,69122,8
13,4,CFG_TMUX,62,69238,8
13,4,CFG_TMUX,63,69238,4
13,4,CFG_TMUX,64,70282,1
13,4,CFG_TMUX,65,70398,1
13,4,CFG_TMUX,66,70282,2
13,4,CFG_TMUX,67,70398,2
13,4,CFG_TMUX,68,70282,4
13,4,CFG_TMUX,69,70282,8
13,4,CFG_TMUX,70,70398,8
13,4,CFG_TMUX,71,70398,4
13,4,CFG_TMUX,72,70746,1
13,4,CFG_TMUX,73,70862,1
13,4,CFG_TMUX,74,70746,2
13,4,CFG_TMUX,75,70862,2
13,4,CFG_TMUX,76,70746,4
13,4,CFG_TMUX,77,70746,8
13,4,CFG_TMUX,78,70862,8
13,4,CFG_TMUX,79,70862,4
13,4,CFG_TMUX,80,70978,1
13,4,CFG_TMUX,81,71094,1
13,4,CFG_TMUX,82,70978,2
13,4,CFG_TMUX,83,71094,2
13,4,CFG_TMUX,84,70978,4
13,4,CFG_TMUX,85,70978,8
13,4,CFG_TMUX,86,71094,8
13,4,CFG_TMUX,87,71094,4
13,4,CFG_TMUX,88,71442,1
13,4,CFG_TMUX,89,71558,1
13,4,CFG_TMUX,90,71442,2
13,4,CFG_TMUX,91,71558,2
13,4,CFG_TMUX,92,71442,4
13,4,CFG_TMUX,93,71442,8
13,4,CFG_TMUX,94,71558,8
13,4,CFG_TMUX,95,71558,4
13,4,CFG_TMUX,96,72138,1
13,4,CFG_TMUX,97,72254,1
13,4,CFG_TMUX,98,72138,2
13,4,CFG_TMUX,99,72254,2
13,4,CFG_TMUX,100,72138,4
13,4,CFG_TMUX,101,72138,8
13,4,CFG_TMUX,102,72254,8
13,4,CFG_TMUX,103,72254,4
13,4,CFG_TMUX,104,72602,1
13,4,CFG_TMUX,105,72718,1
13,4,CFG_TMUX,106,72602,2
13,4,CFG_TMUX,107,72718,2
13,4,CFG_TMUX,108,72602,4
13,4,CFG_TMUX,109,72602,8
13,4,CFG_TMUX,110,72718,8
13,4,CFG_TMUX,111,72718,4
13,4,CFG_TMUX,112,72834,1
13,4,CFG_TMUX,113,72950,1
13,4,CFG_TMUX,114,72834,2
13,4,CFG_TMUX,115,72950,2
13,4,CFG_TMUX,116,72834,4
13,4,CFG_TMUX,117,72834,8
13,4,CFG_TMUX,118,72950,8
13,4,CFG_TMUX,119,72950,4
13,4,CFG_TMUX,120,73298,1
13,4,CFG_TMUX,121,73414,1
13,4,CFG_TMUX,122,73298,2
13,4,CFG_TMUX,123,73414,2
13,4,CFG_TMUX,124,73298,4
13,4,CFG_TMUX,125,73298,8
13,4,CFG_TMUX,126,73414,8
13,4,CFG_TMUX,127,73414,4
13,4,CFG_TileAsyncMUX,0,69586,4
13,4,CFG_TileAsyncMUX,1,69702,4
13,4,CFG_TileAsyncMUX,2,69702,8
13,4,CFG_TileAsyncMUX,3,69586,8
13,4,CFG_TileAsyncMUX,4,69702,64
13,4,CFG_TileAsyncMUX,5,69702,32
13,4,CFG_TileAsyncMUX,6,69702,16
13,4,CFG_TileAsyncMUX,7,69702,128
13,4,CFG_TileClkEnMUX,0,69818,64
13,4,CFG_TileClkEnMUX,1,69818,32
13,4,CFG_TileClkEnMUX,2,69818,16
13,4,CFG_TileClkEnMUX,3,69818,128
13,4,CFG_TileClkEnMUX,4,69934,4
13,4,CFG_TileClkEnMUX,5,69818,4
13,4,CFG_TileClkEnMUX,6,69818,8
13,4,CFG_TileClkEnMUX,7,69934,8
13,4,CFG_TileClkMUX,0,69586,64
13,4,CFG_TileClkMUX,1,69586,32
13,4,CFG_TileClkMUX,2,69586,16
13,4,CFG_TileClkMUX,3,69586,128
13,4,CFG_TileClkMUX,4,69934,64
13,4,CFG_TileClkMUX,5,69934,32
13,4,CFG_TileClkMUX,6,69934,16
13,4,CFG_TileClkMUX,7,69934,128
