class,net,segment,hop,src_wire,dst_wire
address,mem_ahb_haddr[10],0,0,X13Y11_BufMUX00,X13Y11_InputMUX00
address,mem_ahb_haddr[10],0,1,X13Y11_InputMUX00,X14Y11_RMUX07
address,mem_ahb_haddr[10],0,2,X14Y11_RMUX07,X14Y9_RMUX47
address,mem_ahb_haddr[10],0,3,X14Y9_RMUX47,X14Y9_IMUX03
address,mem_ahb_haddr[10],0,4,X14Y9_IMUX03,X14Y9_alta_slice00
address,mem_ahb_haddr[10],0,5,X14Y9_alta_slice00,X14Y9_OMUX00
address,mem_ahb_haddr[10],0,6,X14Y9_OMUX00,X15Y9_RMUX14
address,mem_ahb_haddr[10],0,7,X15Y9_RMUX14,X15Y5_RMUX50
address,mem_ahb_haddr[10],0,8,X15Y5_RMUX50,X15Y1_RMUX03
address,mem_ahb_haddr[10],0,9,X15Y1_RMUX03,X13Y1_RMUX04
address,mem_ahb_haddr[10],0,10,X13Y1_RMUX04,X13Y1_IMUX62
address,mem_ahb_haddr[10],1,-1,X13Y1_RMUX04,X13Y1_IMUX00
address,mem_ahb_haddr[10],2,-1,X15Y5_RMUX50,X15Y2_RMUX03
address,mem_ahb_haddr[10],2,0,X15Y2_RMUX03,X13Y2_RMUX04
address,mem_ahb_haddr[10],2,1,X13Y2_RMUX04,X13Y2_IMUX62
address,mem_ahb_haddr[10],3,-1,X13Y2_RMUX04,X13Y2_IMUX00
address,mem_ahb_haddr[10],4,-1,X14Y11_RMUX07,X14Y7_RMUX41
address,mem_ahb_haddr[10],4,0,X14Y7_RMUX41,X14Y7_IMUX59
address,mem_ahb_haddr[10],4,1,X14Y7_IMUX59,X14Y7_alta_slice14
address,mem_ahb_haddr[10],4,2,X14Y7_alta_slice14,X14Y7_OMUX42
address,mem_ahb_haddr[10],4,3,X14Y7_OMUX42,X15Y7_RMUX87
address,mem_ahb_haddr[10],4,4,X15Y7_RMUX87,X15Y3_RMUX63
address,mem_ahb_haddr[10],4,5,X15Y3_RMUX63,X13Y3_RMUX52
address,mem_ahb_haddr[10],4,6,X13Y3_RMUX52,X13Y3_IMUX62
address,mem_ahb_haddr[10],5,-1,X13Y3_RMUX52,X13Y3_IMUX00
address,mem_ahb_haddr[10],6,-1,X15Y7_RMUX87,X15Y4_RMUX63
address,mem_ahb_haddr[10],6,0,X15Y4_RMUX63,X13Y4_RMUX58
address,mem_ahb_haddr[10],6,1,X13Y4_RMUX58,X13Y4_IMUX62
address,mem_ahb_haddr[10],7,-1,X13Y4_RMUX58,X13Y4_IMUX00
address,mem_ahb_haddr[2],0,0,X13Y12_BufMUX12,X14Y12_RMUX14
address,mem_ahb_haddr[2],0,1,X14Y12_RMUX14,X14Y8_RMUX67
address,mem_ahb_haddr[2],0,2,X14Y8_RMUX67,X14Y4_RMUX79
address,mem_ahb_haddr[2],0,3,X14Y4_RMUX79,X13Y4_RMUX25
address,mem_ahb_haddr[2],0,4,X13Y4_RMUX25,X13Y2_RMUX22
address,mem_ahb_haddr[2],0,5,X13Y2_RMUX22,X13Y2_IMUX54
address,mem_ahb_haddr[2],1,-1,X13Y4_RMUX25,X13Y3_RMUX22
address,mem_ahb_haddr[2],1,0,X13Y3_RMUX22,X13Y3_IMUX54
address,mem_ahb_haddr[2],2,-1,X13Y3_RMUX22,X13Y3_IMUX08
address,mem_ahb_haddr[2],3,-1,X14Y8_RMUX67,X14Y4_RMUX73
address,mem_ahb_haddr[2],3,0,X14Y4_RMUX73,X14Y1_RMUX00
address,mem_ahb_haddr[2],3,1,X14Y1_RMUX00,X13Y1_IMUX08
address,mem_ahb_haddr[2],4,-1,X14Y12_RMUX14,X14Y8_RMUX57
address,mem_ahb_haddr[2],4,0,X14Y8_RMUX57,X14Y4_RMUX44
address,mem_ahb_haddr[2],4,1,X14Y4_RMUX44,X14Y1_RMUX84
address,mem_ahb_haddr[2],4,2,X14Y1_RMUX84,X13Y1_IMUX54
address,mem_ahb_haddr[2],5,-1,X14Y4_RMUX73,X14Y2_RMUX00
address,mem_ahb_haddr[2],5,0,X14Y2_RMUX00,X13Y2_IMUX08
address,mem_ahb_haddr[2],6,-1,X14Y4_RMUX79,X13Y4_RMUX46
address,mem_ahb_haddr[2],6,0,X13Y4_RMUX46,X13Y4_IMUX54
address,mem_ahb_haddr[2],7,-1,X13Y4_RMUX46,X13Y4_IMUX08
address,mem_ahb_haddr[3],0,0,X13Y12_BufMUX13,X14Y12_RMUX21
address,mem_ahb_haddr[3],0,1,X14Y12_RMUX21,X14Y8_RMUX87
address,mem_ahb_haddr[3],0,2,X14Y8_RMUX87,X14Y4_RMUX68
address,mem_ahb_haddr[3],0,3,X14Y4_RMUX68,X15Y4_RMUX80
address,mem_ahb_haddr[3],0,4,X15Y4_RMUX80,X15Y1_RMUX26
address,mem_ahb_haddr[3],0,5,X15Y1_RMUX26,X13Y1_RMUX18
address,mem_ahb_haddr[3],0,6,X13Y1_RMUX18,X13Y1_IMUX07
address,mem_ahb_haddr[3],1,-1,X15Y4_RMUX80,X15Y2_RMUX33
address,mem_ahb_haddr[3],1,0,X15Y2_RMUX33,X13Y2_RMUX29
address,mem_ahb_haddr[3],1,1,X13Y2_RMUX29,X13Y2_IMUX55
address,mem_ahb_haddr[3],2,-1,X13Y2_RMUX29,X13Y2_IMUX07
address,mem_ahb_haddr[3],3,-1,X15Y4_RMUX80,X15Y3_RMUX43
address,mem_ahb_haddr[3],3,0,X15Y3_RMUX43,X13Y3_RMUX89
address,mem_ahb_haddr[3],3,1,X13Y3_RMUX89,X13Y3_IMUX55
address,mem_ahb_haddr[3],4,-1,X13Y3_RMUX89,X13Y3_IMUX07
address,mem_ahb_haddr[3],5,-1,X14Y8_RMUX87,X14Y4_RMUX62
address,mem_ahb_haddr[3],5,0,X14Y4_RMUX62,X14Y5_RMUX50
address,mem_ahb_haddr[3],5,1,X14Y5_RMUX50,X14Y1_RMUX18
address,mem_ahb_haddr[3],5,2,X14Y1_RMUX18,X13Y1_IMUX55
address,mem_ahb_haddr[3],6,-1,X13Y12_BufMUX13,X14Y12_RMUX08
address,mem_ahb_haddr[3],6,0,X14Y12_RMUX08,X15Y12_RMUX27
address,mem_ahb_haddr[3],6,1,X15Y12_RMUX27,X15Y8_RMUX21
address,mem_ahb_haddr[3],6,2,X15Y8_RMUX21,X15Y4_RMUX93
address,mem_ahb_haddr[3],6,3,X15Y4_RMUX93,X13Y4_RMUX83
address,mem_ahb_haddr[3],6,4,X13Y4_RMUX83,X13Y4_IMUX55
address,mem_ahb_haddr[3],7,-1,X13Y4_RMUX83,X13Y4_IMUX07
address,mem_ahb_haddr[4],0,0,X13Y12_BufMUX14,X14Y12_RMUX44
address,mem_ahb_haddr[4],0,1,X14Y12_RMUX44,X14Y8_RMUX80
address,mem_ahb_haddr[4],0,2,X14Y8_RMUX80,X14Y4_RMUX37
address,mem_ahb_haddr[4],0,3,X14Y4_RMUX37,X14Y1_RMUX49
address,mem_ahb_haddr[4],0,4,X14Y1_RMUX49,X13Y1_RMUX06
address,mem_ahb_haddr[4],0,5,X13Y1_RMUX06,X13Y1_IMUX06
address,mem_ahb_haddr[4],1,-1,X14Y4_RMUX37,X14Y2_RMUX49
address,mem_ahb_haddr[4],1,0,X14Y2_RMUX49,X13Y2_RMUX16
address,mem_ahb_haddr[4],1,1,X13Y2_RMUX16,X13Y2_IMUX56
address,mem_ahb_haddr[4],2,-1,X13Y2_RMUX16,X13Y2_IMUX06
address,mem_ahb_haddr[4],3,-1,X13Y12_BufMUX14,X14Y12_RMUX27
address,mem_ahb_haddr[4],3,0,X14Y12_RMUX27,X14Y8_RMUX14
address,mem_ahb_haddr[4],3,1,X14Y8_RMUX14,X14Y4_RMUX50
address,mem_ahb_haddr[4],3,2,X14Y4_RMUX50,X14Y1_RMUX12
address,mem_ahb_haddr[4],3,3,X14Y1_RMUX12,X13Y1_IMUX56
address,mem_ahb_haddr[4],4,-1,X14Y4_RMUX37,X14Y3_RMUX48
address,mem_ahb_haddr[4],4,0,X14Y3_RMUX48,X13Y3_IMUX06
address,mem_ahb_haddr[4],5,-1,X14Y4_RMUX50,X14Y3_RMUX12
address,mem_ahb_haddr[4],5,0,X14Y3_RMUX12,X13Y3_IMUX56
address,mem_ahb_haddr[4],6,-1,X14Y8_RMUX80,X14Y5_RMUX37
address,mem_ahb_haddr[4],6,0,X14Y5_RMUX37,X14Y4_RMUX48
address,mem_ahb_haddr[4],6,1,X14Y4_RMUX48,X13Y4_IMUX06
address,mem_ahb_haddr[4],7,-1,X14Y8_RMUX14,X14Y4_RMUX60
address,mem_ahb_haddr[4],7,0,X14Y4_RMUX60,X13Y4_IMUX56
address,mem_ahb_haddr[5],0,0,X13Y12_BufMUX15,X14Y12_RMUX45
address,mem_ahb_haddr[5],0,1,X14Y12_RMUX45,X17Y12_RMUX86
address,mem_ahb_haddr[5],0,2,X17Y12_RMUX86,X16Y12_RMUX57
address,mem_ahb_haddr[5],0,3,X16Y12_RMUX57,X16Y8_RMUX44
address,mem_ahb_haddr[5],0,4,X16Y8_RMUX44,X16Y4_RMUX80
address,mem_ahb_haddr[5],0,5,X16Y4_RMUX80,X16Y1_RMUX33
address,mem_ahb_haddr[5],0,6,X16Y1_RMUX33,X13Y1_RMUX29
address,mem_ahb_haddr[5],0,7,X13Y1_RMUX29,X13Y1_IMUX57
address,mem_ahb_haddr[5],1,-1,X13Y1_RMUX29,X13Y1_IMUX05
address,mem_ahb_haddr[5],2,-1,X16Y4_RMUX80,X16Y2_RMUX33
address,mem_ahb_haddr[5],2,0,X16Y2_RMUX33,X13Y2_RMUX35
address,mem_ahb_haddr[5],2,1,X13Y2_RMUX35,X13Y2_IMUX57
address,mem_ahb_haddr[5],3,-1,X13Y2_RMUX35,X13Y2_IMUX05
address,mem_ahb_haddr[5],4,-1,X16Y12_RMUX57,X16Y11_RMUX44
address,mem_ahb_haddr[5],4,0,X16Y11_RMUX44,X16Y7_RMUX80
address,mem_ahb_haddr[5],4,1,X16Y7_RMUX80,X16Y3_RMUX33
address,mem_ahb_haddr[5],4,2,X16Y3_RMUX33,X13Y3_RMUX29
address,mem_ahb_haddr[5],4,3,X13Y3_RMUX29,X13Y3_IMUX57
address,mem_ahb_haddr[5],5,-1,X13Y3_RMUX29,X13Y3_IMUX05
address,mem_ahb_haddr[5],6,-1,X13Y12_BufMUX15,X14Y12_RMUX37
address,mem_ahb_haddr[5],6,0,X14Y12_RMUX37,X14Y8_RMUX71
address,mem_ahb_haddr[5],6,1,X14Y8_RMUX71,X14Y8_IMUX39
address,mem_ahb_haddr[5],6,2,X14Y8_IMUX39,X14Y8_alta_slice09
address,mem_ahb_haddr[5],6,3,X14Y8_alta_slice09,X14Y8_OMUX29
address,mem_ahb_haddr[5],6,4,X14Y8_OMUX29,X14Y8_RMUX50
address,mem_ahb_haddr[5],6,5,X14Y8_RMUX50,X14Y4_RMUX03
address,mem_ahb_haddr[5],6,6,X14Y4_RMUX03,X13Y4_RMUX11
address,mem_ahb_haddr[5],6,7,X13Y4_RMUX11,X13Y4_IMUX57
address,mem_ahb_haddr[5],7,-1,X13Y4_RMUX11,X13Y4_IMUX05
address,mem_ahb_haddr[6],0,0,X13Y12_BufMUX16,X14Y12_RMUX57
address,mem_ahb_haddr[6],0,1,X14Y12_RMUX57,X14Y11_RMUX44
address,mem_ahb_haddr[6],0,2,X14Y11_RMUX44,X14Y7_RMUX80
address,mem_ahb_haddr[6],0,3,X14Y7_RMUX80,X14Y3_RMUX37
address,mem_ahb_haddr[6],0,4,X14Y3_RMUX37,X14Y1_RMUX48
address,mem_ahb_haddr[6],0,5,X14Y1_RMUX48,X13Y1_IMUX04
address,mem_ahb_haddr[6],1,-1,X14Y3_RMUX37,X14Y2_RMUX48
address,mem_ahb_haddr[6],1,0,X14Y2_RMUX48,X13Y2_IMUX04
address,mem_ahb_haddr[6],2,-1,X13Y12_BufMUX16,X14Y12_RMUX51
address,mem_ahb_haddr[6],2,0,X14Y12_RMUX51,X15Y12_RMUX14
address,mem_ahb_haddr[6],2,1,X15Y12_RMUX14,X15Y8_RMUX50
address,mem_ahb_haddr[6],2,2,X15Y8_RMUX50,X15Y4_RMUX03
address,mem_ahb_haddr[6],2,3,X15Y4_RMUX03,X13Y4_RMUX04
address,mem_ahb_haddr[6],2,4,X13Y4_RMUX04,X13Y4_IMUX58
address,mem_ahb_haddr[6],3,-1,X13Y4_RMUX04,X13Y4_IMUX04
address,mem_ahb_haddr[6],4,-1,X14Y7_RMUX80,X14Y3_RMUX43
address,mem_ahb_haddr[6],4,0,X14Y3_RMUX43,X13Y3_RMUX72
address,mem_ahb_haddr[6],4,1,X13Y3_RMUX72,X13Y3_IMUX58
address,mem_ahb_haddr[6],5,-1,X14Y3_RMUX43,X13Y3_RMUX88
address,mem_ahb_haddr[6],5,0,X13Y3_RMUX88,X13Y3_IMUX04
address,mem_ahb_haddr[6],6,-1,X14Y12_RMUX57,X14Y8_RMUX44
address,mem_ahb_haddr[6],6,0,X14Y8_RMUX44,X14Y4_RMUX80
address,mem_ahb_haddr[6],6,1,X14Y4_RMUX80,X14Y1_RMUX36
address,mem_ahb_haddr[6],6,2,X14Y1_RMUX36,X13Y1_IMUX58
address,mem_ahb_haddr[6],7,-1,X14Y4_RMUX80,X14Y2_RMUX36
address,mem_ahb_haddr[6],7,0,X14Y2_RMUX36,X13Y2_IMUX58
address,mem_ahb_haddr[7],0,0,X13Y12_BufMUX17,X14Y12_RMUX50
address,mem_ahb_haddr[7],0,1,X14Y12_RMUX50,X14Y8_RMUX08
address,mem_ahb_haddr[7],0,2,X14Y8_RMUX08,X16Y8_RMUX27
address,mem_ahb_haddr[7],0,3,X16Y8_RMUX27,X16Y4_RMUX21
address,mem_ahb_haddr[7],0,4,X16Y4_RMUX21,X16Y2_RMUX93
address,mem_ahb_haddr[7],0,5,X16Y2_RMUX93,X13Y2_RMUX83
address,mem_ahb_haddr[7],0,6,X13Y2_RMUX83,X13Y2_IMUX59
address,mem_ahb_haddr[7],1,-1,X13Y2_RMUX83,X13Y2_IMUX03
address,mem_ahb_haddr[7],2,-1,X14Y12_RMUX50,X14Y9_RMUX08
address,mem_ahb_haddr[7],2,0,X14Y9_RMUX08,X15Y9_RMUX27
address,mem_ahb_haddr[7],2,1,X15Y9_RMUX27,X15Y5_RMUX21
address,mem_ahb_haddr[7],2,2,X15Y5_RMUX21,X15Y1_RMUX93
address,mem_ahb_haddr[7],2,3,X15Y1_RMUX93,X13Y1_RMUX77
address,mem_ahb_haddr[7],2,4,X13Y1_RMUX77,X13Y1_IMUX59
address,mem_ahb_haddr[7],3,-1,X13Y1_RMUX77,X13Y1_IMUX03
address,mem_ahb_haddr[7],4,-1,X14Y8_RMUX08,X15Y8_RMUX37
address,mem_ahb_haddr[7],4,0,X15Y8_RMUX37,X15Y4_RMUX49
address,mem_ahb_haddr[7],4,1,X15Y4_RMUX49,X13Y4_RMUX07
address,mem_ahb_haddr[7],4,2,X13Y4_RMUX07,X13Y3_RMUX47
address,mem_ahb_haddr[7],4,3,X13Y3_RMUX47,X13Y3_IMUX59
address,mem_ahb_haddr[7],5,-1,X15Y4_RMUX49,X13Y4_RMUX17
address,mem_ahb_haddr[7],5,0,X13Y4_RMUX17,X13Y4_IMUX59
address,mem_ahb_haddr[7],6,-1,X13Y4_RMUX17,X13Y4_IMUX03
address,mem_ahb_haddr[7],7,-1,X13Y12_BufMUX17,X14Y12_RMUX67
address,mem_ahb_haddr[7],7,0,X14Y12_RMUX67,X14Y11_RMUX73
address,mem_ahb_haddr[7],7,1,X14Y11_RMUX73,X14Y7_RMUX07
address,mem_ahb_haddr[7],7,2,X14Y7_RMUX07,X14Y3_RMUX30
address,mem_ahb_haddr[7],7,3,X14Y3_RMUX30,X13Y3_IMUX03
address,mem_ahb_haddr[8],0,0,X13Y12_BufMUX18,X14Y12_RMUX81
address,mem_ahb_haddr[8],0,1,X14Y12_RMUX81,X16Y12_RMUX44
address,mem_ahb_haddr[8],0,2,X16Y12_RMUX44,X16Y8_RMUX80
address,mem_ahb_haddr[8],0,3,X16Y8_RMUX80,X16Y4_RMUX26
address,mem_ahb_haddr[8],0,4,X16Y4_RMUX26,X13Y4_RMUX19
address,mem_ahb_haddr[8],0,5,X13Y4_RMUX19,X13Y1_RMUX78
address,mem_ahb_haddr[8],0,6,X13Y1_RMUX78,X13Y1_IMUX60
address,mem_ahb_haddr[8],1,-1,X13Y4_RMUX19,X13Y1_RMUX88
address,mem_ahb_haddr[8],1,0,X13Y1_RMUX88,X13Y1_IMUX02
address,mem_ahb_haddr[8],2,-1,X13Y4_RMUX19,X13Y2_RMUX72
address,mem_ahb_haddr[8],2,0,X13Y2_RMUX72,X13Y2_IMUX60
address,mem_ahb_haddr[8],3,-1,X16Y8_RMUX80,X16Y4_RMUX43
address,mem_ahb_haddr[8],3,0,X16Y4_RMUX43,X13Y4_RMUX73
address,mem_ahb_haddr[8],3,1,X13Y4_RMUX73,X13Y2_RMUX00
address,mem_ahb_haddr[8],3,2,X13Y2_RMUX00,X13Y2_IMUX02
address,mem_ahb_haddr[8],4,-1,X13Y4_RMUX73,X13Y3_RMUX16
address,mem_ahb_haddr[8],4,0,X13Y3_RMUX16,X13Y3_IMUX60
address,mem_ahb_haddr[8],5,-1,X13Y3_RMUX16,X13Y3_IMUX02
address,mem_ahb_haddr[8],6,-1,X16Y4_RMUX43,X13Y4_RMUX72
address,mem_ahb_haddr[8],6,0,X13Y4_RMUX72,X13Y4_IMUX60
address,mem_ahb_haddr[8],7,-1,X16Y4_RMUX43,X13Y4_RMUX88
address,mem_ahb_haddr[8],7,0,X13Y4_RMUX88,X13Y4_IMUX02
address,mem_ahb_haddr[9],0,0,X13Y12_BufMUX19,X14Y12_RMUX80
address,mem_ahb_haddr[9],0,1,X14Y12_RMUX80,X14Y8_RMUX27
address,mem_ahb_haddr[9],0,2,X14Y8_RMUX27,X14Y4_RMUX14
address,mem_ahb_haddr[9],0,3,X14Y4_RMUX14,X14Y1_RMUX66
address,mem_ahb_haddr[9],0,4,X14Y1_RMUX66,X13Y1_IMUX61
address,mem_ahb_haddr[9],1,-1,X14Y8_RMUX27,X14Y4_RMUX20
address,mem_ahb_haddr[9],1,0,X14Y4_RMUX20,X13Y4_RMUX85
address,mem_ahb_haddr[9],1,1,X13Y4_RMUX85,X13Y1_RMUX71
address,mem_ahb_haddr[9],1,2,X13Y1_RMUX71,X13Y1_IMUX01
address,mem_ahb_haddr[9],2,-1,X13Y4_RMUX85,X13Y2_RMUX71
address,mem_ahb_haddr[9],2,0,X13Y2_RMUX71,X13Y2_IMUX01
address,mem_ahb_haddr[9],3,-1,X13Y4_RMUX85,X13Y3_RMUX71
address,mem_ahb_haddr[9],3,0,X13Y3_RMUX71,X13Y3_IMUX01
address,mem_ahb_haddr[9],4,-1,X14Y4_RMUX14,X14Y2_RMUX66
address,mem_ahb_haddr[9],4,0,X14Y2_RMUX66,X13Y2_IMUX61
address,mem_ahb_haddr[9],5,-1,X14Y4_RMUX14,X14Y3_RMUX66
address,mem_ahb_haddr[9],5,0,X14Y3_RMUX66,X13Y3_IMUX61
address,mem_ahb_haddr[9],6,-1,X14Y4_RMUX20,X13Y4_RMUX84
address,mem_ahb_haddr[9],6,0,X13Y4_RMUX84,X13Y4_IMUX61
address,mem_ahb_haddr[9],7,-1,X14Y12_RMUX80,X14Y8_RMUX37
address,mem_ahb_haddr[9],7,0,X14Y8_RMUX37,X14Y4_RMUX54
address,mem_ahb_haddr[9],7,1,X14Y4_RMUX54,X13Y4_IMUX01
data,mem_ahb_hrdata[0],0,0,X13Y4_BufMUX00,X14Y4_RMUX09
data,mem_ahb_hrdata[0],0,1,X14Y4_RMUX09,X14Y8_RMUX39
data,mem_ahb_hrdata[0],0,2,X14Y8_RMUX39,X14Y12_RMUX63
data,mem_ahb_hrdata[0],0,3,X14Y12_RMUX63,X13Y12_BBMUXE02
data,mem_ahb_hrdata[0],0,4,X13Y12_BBMUXE02,X0Y5_SinkMUXPseudo02
data,mem_ahb_hrdata[10],0,0,X13Y1_BufMUX02,X14Y1_RMUX02
data,mem_ahb_hrdata[10],0,1,X14Y1_RMUX02,X14Y5_RMUX02
data,mem_ahb_hrdata[10],0,2,X14Y5_RMUX02,X14Y9_RMUX02
data,mem_ahb_hrdata[10],0,3,X14Y9_RMUX02,X14Y12_RMUX18
data,mem_ahb_hrdata[10],0,4,X14Y12_RMUX18,X13Y12_BBMUXW00
data,mem_ahb_hrdata[10],0,5,X13Y12_BBMUXW00,X0Y5_SinkMUXPseudo12
data,mem_ahb_hrdata[11],0,0,X13Y1_BufMUX03,X14Y1_RMUX15
data,mem_ahb_hrdata[11],0,1,X14Y1_RMUX15,X15Y1_RMUX69
data,mem_ahb_hrdata[11],0,2,X15Y1_RMUX69,X15Y4_RMUX92
data,mem_ahb_hrdata[11],0,3,X15Y4_RMUX92,X15Y8_RMUX75
data,mem_ahb_hrdata[11],0,4,X15Y8_RMUX75,X15Y12_RMUX20
data,mem_ahb_hrdata[11],0,5,X15Y12_RMUX20,X14Y12_RMUX90
data,mem_ahb_hrdata[11],0,6,X14Y12_RMUX90,X13Y12_BBMUXW01
data,mem_ahb_hrdata[11],0,7,X13Y12_BBMUXW01,X0Y5_SinkMUXPseudo13
data,mem_ahb_hrdata[12],0,0,X13Y1_BufMUX04,X14Y1_RMUX33
data,mem_ahb_hrdata[12],0,1,X14Y1_RMUX33,X13Y1_RMUX39
data,mem_ahb_hrdata[12],0,2,X13Y1_RMUX39,X13Y4_RMUX68
data,mem_ahb_hrdata[12],0,3,X13Y4_RMUX68,X14Y4_RMUX85
data,mem_ahb_hrdata[12],0,4,X14Y4_RMUX85,X14Y8_RMUX55
data,mem_ahb_hrdata[12],0,5,X14Y8_RMUX55,X14Y12_RMUX24
data,mem_ahb_hrdata[12],0,6,X14Y12_RMUX24,X13Y12_BBMUXW02
data,mem_ahb_hrdata[12],0,7,X13Y12_BBMUXW02,X0Y5_SinkMUXPseudo14
data,mem_ahb_hrdata[13],0,0,X13Y1_BufMUX05,X14Y1_RMUX25
data,mem_ahb_hrdata[13],0,1,X14Y1_RMUX25,X14Y3_RMUX23
data,mem_ahb_hrdata[13],0,2,X14Y3_RMUX23,X14Y3_IMUX63
data,mem_ahb_hrdata[13],0,3,X14Y3_IMUX63,X14Y3_alta_slice15
data,mem_ahb_hrdata[13],0,4,X14Y3_alta_slice15,X14Y3_OMUX47
data,mem_ahb_hrdata[13],0,5,X14Y3_OMUX47,X14Y3_RMUX92
data,mem_ahb_hrdata[13],0,6,X14Y3_RMUX92,X14Y7_RMUX85
data,mem_ahb_hrdata[13],0,7,X14Y7_RMUX85,X14Y11_RMUX49
data,mem_ahb_hrdata[13],0,8,X14Y11_RMUX49,X13Y11_BBMUXE00
data,mem_ahb_hrdata[13],0,9,X13Y11_BBMUXE00,X0Y5_SinkMUXPseudo15
data,mem_ahb_hrdata[14],0,0,X13Y1_BufMUX06,X14Y1_RMUX32
data,mem_ahb_hrdata[14],0,1,X14Y1_RMUX32,X14Y5_RMUX32
data,mem_ahb_hrdata[14],0,2,X14Y5_RMUX32,X14Y9_RMUX32
data,mem_ahb_hrdata[14],0,3,X14Y9_RMUX32,X14Y11_RMUX33
data,mem_ahb_hrdata[14],0,4,X14Y11_RMUX33,X13Y11_BBMUXE01
data,mem_ahb_hrdata[14],0,5,X13Y11_BBMUXE01,X0Y5_SinkMUXPseudo16
data,mem_ahb_hrdata[15],0,0,X13Y1_BufMUX07,X14Y1_RMUX39
data,mem_ahb_hrdata[15],0,1,X14Y1_RMUX39,X14Y5_RMUX62
data,mem_ahb_hrdata[15],0,2,X14Y5_RMUX62,X14Y9_RMUX50
data,mem_ahb_hrdata[15],0,3,X14Y9_RMUX50,X14Y7_RMUX02
data,mem_ahb_hrdata[15],0,4,X14Y7_RMUX02,X14Y11_RMUX13
data,mem_ahb_hrdata[15],0,5,X14Y11_RMUX13,X13Y11_BBMUXE02
data,mem_ahb_hrdata[15],0,6,X13Y11_BBMUXE02,X0Y5_SinkMUXPseudo17
data,mem_ahb_hrdata[16],0,0,X13Y2_BufMUX00,X14Y2_RMUX09
data,mem_ahb_hrdata[16],0,1,X14Y2_RMUX09,X14Y6_RMUX39
data,mem_ahb_hrdata[16],0,2,X14Y6_RMUX39,X14Y10_RMUX69
data,mem_ahb_hrdata[16],0,3,X14Y10_RMUX69,X14Y11_RMUX93
data,mem_ahb_hrdata[16],0,4,X14Y11_RMUX93,X13Y11_BBMUXE03
data,mem_ahb_hrdata[16],0,5,X13Y11_BBMUXE03,X0Y5_SinkMUXPseudo18
data,mem_ahb_hrdata[17],0,0,X13Y2_BufMUX01,X14Y2_RMUX03
data,mem_ahb_hrdata[17],0,1,X14Y2_RMUX03,X13Y2_RMUX15
data,mem_ahb_hrdata[17],0,2,X13Y2_RMUX15,X14Y2_RMUX69
data,mem_ahb_hrdata[17],0,3,X14Y2_RMUX69,X14Y6_RMUX92
data,mem_ahb_hrdata[17],0,4,X14Y6_RMUX92,X14Y7_RMUX75
data,mem_ahb_hrdata[17],0,5,X14Y7_RMUX75,X14Y11_RMUX20
data,mem_ahb_hrdata[17],0,6,X14Y11_RMUX20,X13Y11_BBMUXE04
data,mem_ahb_hrdata[17],0,7,X13Y11_BBMUXE04,X0Y5_SinkMUXPseudo19
data,mem_ahb_hrdata[18],0,0,X13Y2_BufMUX02,X14Y2_RMUX02
data,mem_ahb_hrdata[18],0,1,X14Y2_RMUX02,X14Y6_RMUX02
data,mem_ahb_hrdata[18],0,2,X14Y6_RMUX02,X14Y10_RMUX19
data,mem_ahb_hrdata[18],0,3,X14Y10_RMUX19,X14Y11_RMUX79
data,mem_ahb_hrdata[18],0,4,X14Y11_RMUX79,X13Y11_BBMUXE05
data,mem_ahb_hrdata[18],0,5,X13Y11_BBMUXE05,X0Y5_SinkMUXPseudo20
data,mem_ahb_hrdata[19],0,0,X13Y2_BufMUX03,X14Y2_RMUX08
data,mem_ahb_hrdata[19],0,1,X14Y2_RMUX08,X15Y2_RMUX32
data,mem_ahb_hrdata[19],0,2,X15Y2_RMUX32,X15Y3_RMUX32
data,mem_ahb_hrdata[19],0,3,X15Y3_RMUX32,X15Y7_RMUX32
data,mem_ahb_hrdata[19],0,4,X15Y7_RMUX32,X15Y11_RMUX26
data,mem_ahb_hrdata[19],0,5,X15Y11_RMUX26,X14Y11_RMUX03
data,mem_ahb_hrdata[19],0,6,X14Y11_RMUX03,X13Y11_BBMUXE06
data,mem_ahb_hrdata[19],0,7,X13Y11_BBMUXE06,X0Y5_SinkMUXPseudo21
data,mem_ahb_hrdata[1],0,0,X13Y4_BufMUX01,X14Y4_RMUX11
data,mem_ahb_hrdata[1],0,1,X14Y4_RMUX11,X14Y4_IMUX31
data,mem_ahb_hrdata[1],0,2,X14Y4_IMUX31,X14Y4_alta_slice07
data,mem_ahb_hrdata[1],0,3,X14Y4_alta_slice07,X14Y4_OMUX21
data,mem_ahb_hrdata[1],0,4,X14Y4_OMUX21,X15Y4_RMUX39
data,mem_ahb_hrdata[1],0,5,X15Y4_RMUX39,X15Y8_RMUX69
data,mem_ahb_hrdata[1],0,6,X15Y8_RMUX69,X15Y12_RMUX93
data,mem_ahb_hrdata[1],0,7,X15Y12_RMUX93,X14Y12_RMUX93
data,mem_ahb_hrdata[1],0,8,X14Y12_RMUX93,X13Y12_BBMUXE03
data,mem_ahb_hrdata[1],0,9,X13Y12_BBMUXE03,X0Y5_SinkMUXPseudo03
data,mem_ahb_hrdata[20],0,0,X13Y2_BufMUX04,X14Y2_RMUX38
data,mem_ahb_hrdata[20],0,1,X14Y2_RMUX38,X15Y2_RMUX57
data,mem_ahb_hrdata[20],0,2,X15Y2_RMUX57,X15Y3_RMUX39
data,mem_ahb_hrdata[20],0,3,X15Y3_RMUX39,X15Y7_RMUX69
data,mem_ahb_hrdata[20],0,4,X15Y7_RMUX69,X15Y11_RMUX86
data,mem_ahb_hrdata[20],0,5,X15Y11_RMUX86,X14Y11_RMUX56
data,mem_ahb_hrdata[20],0,6,X14Y11_RMUX56,X13Y11_BBMUXE07
data,mem_ahb_hrdata[20],0,7,X13Y11_BBMUXE07,X0Y5_SinkMUXPseudo22
data,mem_ahb_hrdata[21],0,0,X13Y2_BufMUX05,X14Y2_RMUX44
data,mem_ahb_hrdata[21],0,1,X14Y2_RMUX44,X14Y3_RMUX75
data,mem_ahb_hrdata[21],0,2,X14Y3_RMUX75,X14Y7_RMUX15
data,mem_ahb_hrdata[21],0,3,X14Y7_RMUX15,X15Y7_RMUX62
data,mem_ahb_hrdata[21],0,4,X15Y7_RMUX62,X15Y11_RMUX56
data,mem_ahb_hrdata[21],0,5,X15Y11_RMUX56,X14Y11_RMUX26
data,mem_ahb_hrdata[21],0,6,X14Y11_RMUX26,X13Y11_BBMUXE08
data,mem_ahb_hrdata[21],0,7,X13Y11_BBMUXE08,X0Y5_SinkMUXPseudo23
data,mem_ahb_hrdata[22],0,0,X13Y2_BufMUX06,X14Y2_RMUX39
data,mem_ahb_hrdata[22],0,1,X14Y2_RMUX39,X14Y5_RMUX69
data,mem_ahb_hrdata[22],0,2,X14Y5_RMUX69,X14Y9_RMUX87
data,mem_ahb_hrdata[22],0,3,X14Y9_RMUX87,X14Y8_RMUX69
data,mem_ahb_hrdata[22],0,4,X14Y8_RMUX69,X14Y11_RMUX86
data,mem_ahb_hrdata[22],0,5,X14Y11_RMUX86,X13Y11_BBMUXE09
data,mem_ahb_hrdata[22],0,6,X13Y11_BBMUXE09,X0Y5_SinkMUXPseudo24
data,mem_ahb_hrdata[23],0,0,X13Y2_BufMUX07,X14Y2_RMUX32
data,mem_ahb_hrdata[23],0,1,X14Y2_RMUX32,X14Y6_RMUX32
data,mem_ahb_hrdata[23],0,2,X14Y6_RMUX32,X14Y7_RMUX32
data,mem_ahb_hrdata[23],0,3,X14Y7_RMUX32,X14Y11_RMUX43
data,mem_ahb_hrdata[23],0,4,X14Y11_RMUX43,X13Y11_BBMUXE10
data,mem_ahb_hrdata[23],0,5,X13Y11_BBMUXE10,X0Y5_SinkMUXPseudo25
data,mem_ahb_hrdata[24],0,0,X13Y3_BufMUX00,X14Y3_RMUX09
data,mem_ahb_hrdata[24],0,1,X14Y3_RMUX09,X14Y7_RMUX39
data,mem_ahb_hrdata[24],0,2,X14Y7_RMUX39,X14Y11_RMUX63
data,mem_ahb_hrdata[24],0,3,X14Y11_RMUX63,X13Y11_BBMUXE11
data,mem_ahb_hrdata[24],0,4,X13Y11_BBMUXE11,X0Y5_SinkMUXPseudo26
data,mem_ahb_hrdata[25],0,0,X13Y3_BufMUX01,X14Y3_RMUX03
data,mem_ahb_hrdata[25],0,1,X14Y3_RMUX03,X13Y3_RMUX15
data,mem_ahb_hrdata[25],0,2,X13Y3_RMUX15,X14Y3_RMUX69
data,mem_ahb_hrdata[25],0,3,X14Y3_RMUX69,X14Y7_RMUX92
data,mem_ahb_hrdata[25],0,4,X14Y7_RMUX92,X14Y11_RMUX84
data,mem_ahb_hrdata[25],0,5,X14Y11_RMUX84,X13Y11_BBMUXW00
data,mem_ahb_hrdata[25],0,6,X13Y11_BBMUXW00,X0Y5_SinkMUXPseudo27
data,mem_ahb_hrdata[26],0,0,X13Y3_BufMUX02,X14Y3_RMUX02
data,mem_ahb_hrdata[26],0,1,X14Y3_RMUX02,X14Y7_RMUX19
data,mem_ahb_hrdata[26],0,2,X14Y7_RMUX19,X14Y11_RMUX78
data,mem_ahb_hrdata[26],0,3,X14Y11_RMUX78,X13Y11_BBMUXW01
data,mem_ahb_hrdata[26],0,4,X13Y11_BBMUXW01,X0Y5_SinkMUXPseudo28
data,mem_ahb_hrdata[27],0,0,X13Y3_BufMUX03,X14Y3_RMUX08
data,mem_ahb_hrdata[27],0,1,X14Y3_RMUX08,X16Y3_RMUX32
data,mem_ahb_hrdata[27],0,2,X16Y3_RMUX32,X16Y7_RMUX32
data,mem_ahb_hrdata[27],0,3,X16Y7_RMUX32,X16Y11_RMUX26
data,mem_ahb_hrdata[27],0,4,X16Y11_RMUX26,X14Y11_RMUX12
data,mem_ahb_hrdata[27],0,5,X14Y11_RMUX12,X13Y11_BBMUXW02
data,mem_ahb_hrdata[27],0,6,X13Y11_BBMUXW02,X0Y5_SinkMUXPseudo29
data,mem_ahb_hrdata[28],0,0,X13Y3_BufMUX04,X14Y3_RMUX29
data,mem_ahb_hrdata[28],0,1,X14Y3_RMUX29,X14Y3_IMUX51
data,mem_ahb_hrdata[28],0,2,X14Y3_IMUX51,X14Y3_alta_slice12
data,mem_ahb_hrdata[28],0,3,X14Y3_alta_slice12,X14Y3_OMUX38
data,mem_ahb_hrdata[28],0,4,X14Y3_OMUX38,X14Y3_RMUX85
data,mem_ahb_hrdata[28],0,5,X14Y3_RMUX85,X14Y7_RMUX55
data,mem_ahb_hrdata[28],0,6,X14Y7_RMUX55,X14Y11_RMUX30
data,mem_ahb_hrdata[28],0,7,X14Y11_RMUX30,X13Y11_BBMUXW03
data,mem_ahb_hrdata[28],0,8,X13Y11_BBMUXW03,X0Y5_SinkMUXPseudo30
data,mem_ahb_hrdata[29],0,0,X13Y3_BufMUX05,X14Y3_RMUX25
data,mem_ahb_hrdata[29],0,1,X14Y3_RMUX25,X14Y7_RMUX17
data,mem_ahb_hrdata[29],0,2,X14Y7_RMUX17,X14Y7_IMUX31
data,mem_ahb_hrdata[29],0,3,X14Y7_IMUX31,X14Y7_alta_slice07
data,mem_ahb_hrdata[29],0,4,X14Y7_alta_slice07,X14Y7_OMUX23
data,mem_ahb_hrdata[29],0,5,X14Y7_OMUX23,X14Y7_RMUX25
data,mem_ahb_hrdata[29],0,6,X14Y7_RMUX25,X14Y11_RMUX00
data,mem_ahb_hrdata[29],0,7,X14Y11_RMUX00,X13Y11_BBMUXW04
data,mem_ahb_hrdata[29],0,8,X13Y11_BBMUXW04,X0Y5_SinkMUXPseudo31
data,mem_ahb_hrdata[2],0,0,X13Y4_BufMUX02,X14Y4_RMUX02
data,mem_ahb_hrdata[2],0,1,X14Y4_RMUX02,X14Y8_RMUX19
data,mem_ahb_hrdata[2],0,2,X14Y8_RMUX19,X14Y12_RMUX79
data,mem_ahb_hrdata[2],0,3,X14Y12_RMUX79,X13Y12_BBMUXE04
data,mem_ahb_hrdata[2],0,4,X13Y12_BBMUXE04,X0Y5_SinkMUXPseudo04
data,mem_ahb_hrdata[30],0,0,X13Y3_BufMUX06,X14Y3_RMUX45
data,mem_ahb_hrdata[30],0,1,X14Y3_RMUX45,X15Y3_RMUX92
data,mem_ahb_hrdata[30],0,2,X15Y3_RMUX92,X15Y7_RMUX85
data,mem_ahb_hrdata[30],0,3,X15Y7_RMUX85,X15Y11_RMUX49
data,mem_ahb_hrdata[30],0,4,X15Y11_RMUX49,X14Y11_RMUX06
data,mem_ahb_hrdata[30],0,5,X14Y11_RMUX06,X13Y11_BBMUXW05
data,mem_ahb_hrdata[30],0,6,X13Y11_BBMUXW05,X0Y5_SinkMUXPseudo32
data,mem_ahb_hrdata[31],0,0,X13Y3_BufMUX07,X14Y3_RMUX39
data,mem_ahb_hrdata[31],0,1,X14Y3_RMUX39,X14Y7_RMUX62
data,mem_ahb_hrdata[31],0,2,X14Y7_RMUX62,X14Y11_RMUX66
data,mem_ahb_hrdata[31],0,3,X14Y11_RMUX66,X13Y11_BBMUXW06
data,mem_ahb_hrdata[31],0,4,X13Y11_BBMUXW06,X0Y5_SinkMUXPseudo33
data,mem_ahb_hrdata[3],0,0,X13Y4_BufMUX03,X14Y4_RMUX08
data,mem_ahb_hrdata[3],0,1,X14Y4_RMUX08,X15Y4_RMUX32
data,mem_ahb_hrdata[3],0,2,X15Y4_RMUX32,X15Y8_RMUX32
data,mem_ahb_hrdata[3],0,3,X15Y8_RMUX32,X15Y12_RMUX26
data,mem_ahb_hrdata[3],0,4,X15Y12_RMUX26,X14Y12_RMUX03
data,mem_ahb_hrdata[3],0,5,X14Y12_RMUX03,X13Y12_BBMUXE05
data,mem_ahb_hrdata[3],0,6,X13Y12_BBMUXE05,X0Y5_SinkMUXPseudo05
data,mem_ahb_hrdata[4],0,0,X13Y4_BufMUX04,X14Y4_RMUX33
data,mem_ahb_hrdata[4],0,1,X14Y4_RMUX33,X13Y4_RMUX45
data,mem_ahb_hrdata[4],0,2,X13Y4_RMUX45,X14Y4_RMUX92
data,mem_ahb_hrdata[4],0,3,X14Y4_RMUX92,X14Y8_RMUX85
data,mem_ahb_hrdata[4],0,4,X14Y8_RMUX85,X14Y12_RMUX49
data,mem_ahb_hrdata[4],0,5,X14Y12_RMUX49,X13Y12_BBMUXE06
data,mem_ahb_hrdata[4],0,6,X13Y12_BBMUXE06,X0Y5_SinkMUXPseudo06
data,mem_ahb_hrdata[5],0,0,X13Y4_BufMUX05,X14Y4_RMUX25
data,mem_ahb_hrdata[5],0,1,X14Y4_RMUX25,X14Y8_RMUX17
data,mem_ahb_hrdata[5],0,2,X14Y8_RMUX17,X14Y8_IMUX03
data,mem_ahb_hrdata[5],0,3,X14Y8_IMUX03,X14Y8_alta_slice00
data,mem_ahb_hrdata[5],0,4,X14Y8_alta_slice00,X14Y8_OMUX02
data,mem_ahb_hrdata[5],0,5,X14Y8_OMUX02,X14Y8_RMUX02
data,mem_ahb_hrdata[5],0,6,X14Y8_RMUX02,X14Y12_RMUX13
data,mem_ahb_hrdata[5],0,7,X14Y12_RMUX13,X13Y12_BBMUXE07
data,mem_ahb_hrdata[5],0,8,X13Y12_BBMUXE07,X0Y5_SinkMUXPseudo07
data,mem_ahb_hrdata[6],0,0,X13Y4_BufMUX06,X14Y4_RMUX39
data,mem_ahb_hrdata[6],0,1,X14Y4_RMUX39,X14Y8_RMUX62
data,mem_ahb_hrdata[6],0,2,X14Y8_RMUX62,X14Y12_RMUX56
data,mem_ahb_hrdata[6],0,3,X14Y12_RMUX56,X13Y12_BBMUXE08
data,mem_ahb_hrdata[6],0,4,X13Y12_BBMUXE08,X0Y5_SinkMUXPseudo08
data,mem_ahb_hrdata[7],0,0,X13Y4_BufMUX07,X14Y4_RMUX32
data,mem_ahb_hrdata[7],0,1,X14Y4_RMUX32,X14Y8_RMUX32
data,mem_ahb_hrdata[7],0,2,X14Y8_RMUX32,X14Y12_RMUX33
data,mem_ahb_hrdata[7],0,3,X14Y12_RMUX33,X13Y12_BBMUXE09
data,mem_ahb_hrdata[7],0,4,X13Y12_BBMUXE09,X0Y5_SinkMUXPseudo09
data,mem_ahb_hrdata[8],0,0,X13Y1_BufMUX00,X14Y1_RMUX09
data,mem_ahb_hrdata[8],0,1,X14Y1_RMUX09,X14Y5_RMUX39
data,mem_ahb_hrdata[8],0,2,X14Y5_RMUX39,X14Y9_RMUX69
data,mem_ahb_hrdata[8],0,3,X14Y9_RMUX69,X14Y12_RMUX86
data,mem_ahb_hrdata[8],0,4,X14Y12_RMUX86,X13Y12_BBMUXE10
data,mem_ahb_hrdata[8],0,5,X13Y12_BBMUXE10,X0Y5_SinkMUXPseudo10
data,mem_ahb_hrdata[9],0,0,X13Y1_BufMUX01,X14Y1_RMUX03
data,mem_ahb_hrdata[9],0,1,X14Y1_RMUX03,X13Y1_RMUX15
data,mem_ahb_hrdata[9],0,2,X13Y1_RMUX15,X14Y1_RMUX69
data,mem_ahb_hrdata[9],0,3,X14Y1_RMUX69,X14Y5_RMUX92
data,mem_ahb_hrdata[9],0,4,X14Y5_RMUX92,X14Y9_RMUX75
data,mem_ahb_hrdata[9],0,5,X14Y9_RMUX75,X14Y12_RMUX20
data,mem_ahb_hrdata[9],0,6,X14Y12_RMUX20,X13Y12_BBMUXE11
data,mem_ahb_hrdata[9],0,7,X13Y12_BBMUXE11,X0Y5_SinkMUXPseudo11
clock,sys_gck,0,0,X13Y0_BufMUX05,X13Y3_SeamMUX01
clock,sys_gck,0,1,X13Y3_SeamMUX01,X13Y3_TileClkMUX01
clock,sys_gck,1,-1,X13Y0_BufMUX05,X13Y3_SeamMUX00
clock,sys_gck,1,0,X13Y3_SeamMUX00,X13Y3_TileClkMUX00
clock,sys_gck,2,-1,X13Y0_BufMUX05,X13Y2_SeamMUX01
clock,sys_gck,2,0,X13Y2_SeamMUX01,X13Y2_TileClkMUX01
clock,sys_gck,3,-1,X13Y0_BufMUX05,X13Y2_SeamMUX00
clock,sys_gck,3,0,X13Y2_SeamMUX00,X13Y2_TileClkMUX00
clock,sys_gck,4,-1,X13Y0_BufMUX05,X13Y1_SeamMUX01
clock,sys_gck,4,0,X13Y1_SeamMUX01,X13Y1_TileClkMUX01
clock,sys_gck,5,-1,X13Y0_BufMUX05,X13Y1_SeamMUX00
clock,sys_gck,5,0,X13Y1_SeamMUX00,X13Y1_TileClkMUX00
clock,sys_gck,6,-1,X13Y0_BufMUX05,X13Y4_SeamMUX01
clock,sys_gck,6,0,X13Y4_SeamMUX01,X13Y4_TileClkMUX01
clock,sys_gck,7,-1,X13Y0_BufMUX05,X13Y4_SeamMUX00
clock,sys_gck,7,0,X13Y4_SeamMUX00,X13Y4_TileClkMUX00
