src_tile,src_x,src_y,src_res,dst_tile,dst_x,dst_y,dst_res
Bram,13,1,BufMUX00,Logic,14,1,RMUX09
Bram,13,1,BufMUX01,Logic,14,1,RMUX03
Bram,13,1,BufMUX02,Logic,14,1,RMUX02
Bram,13,1,BufMUX03,Logic,14,1,RMUX15
Bram,13,1,BufMUX04,Logic,14,1,RMUX25
Bram,13,1,BufMUX05,Logic,14,1,RMUX38
Bram,13,1,BufMUX06,Logic,14,1,RMUX32
Bram,13,1,BufMUX07,Logic,14,1,RMUX39
Bram,13,1,BufMUX08,Logic,14,1,RMUX62
Bram,13,1,BufMUX09,Logic,14,1,RMUX55
Bram,13,1,BufMUX10,Logic,14,1,RMUX69
Bram,13,1,BufMUX11,Logic,14,1,RMUX71
Bram,13,1,BufMUX12,Logic,14,1,RMUX92
Bram,13,1,BufMUX13,Logic,14,1,RMUX75
Bram,13,1,BufMUX14,Logic,14,1,RMUX74
Bram,13,1,BufMUX15,Logic,14,1,RMUX74
Bram,13,1,BufMUX16,Bram,13,1,RMUX15
Bram,13,1,BufMUX17,Bram,13,1,RMUX08
Bram,13,1,BufMUX18,Bram,13,1,RMUX14
Bram,13,1,BufMUX19,Bram,13,1,RMUX20
Bram,13,1,BufMUX20,Bram,13,1,RMUX45
Bram,13,1,BufMUX21,Bram,13,1,RMUX26
Bram,13,1,BufMUX22,Bram,13,1,RMUX27
Bram,13,1,BufMUX23,Bram,13,1,RMUX44
Bram,13,1,BufMUX24,Bram,13,1,RMUX50
Bram,13,1,BufMUX25,Bram,13,1,RMUX63
Bram,13,1,BufMUX26,Bram,13,1,RMUX51
Bram,13,1,BufMUX27,Bram,13,1,RMUX57
Bram,13,1,BufMUX28,Bram,13,1,RMUX74
Bram,13,1,BufMUX29,Bram,13,1,RMUX74
Bram,13,1,BufMUX30,Bram,13,1,RMUX75
Bram,13,1,BufMUX31,Bram,13,1,RMUX81
Bram,13,1,BufMUX32,Bram,13,1,RMUX08
Bram,13,1,BufMUX33,Bram,13,1,RMUX44
Bram,13,1,BufMUX34,Bram,13,1,RMUX68
Bram,13,1,BufMUX35,Bram,13,1,RMUX87
Bram,13,1,CtrlMUX00,Bram,13,1,TileAsyncMUX01
Bram,13,1,CtrlMUX01,Bram,13,1,TileAsyncMUX01
Bram,13,1,CtrlMUX02,Bram,13,1,TileClkEnMUX00
Bram,13,1,CtrlMUX03,Bram,13,1,TileClkEnMUX00
Bram,13,1,IMUX31,Bram,13,1,TileAsyncMUX00
Bram,13,1,IMUX31,Bram,13,1,TileClkEnMUX01
Bram,13,1,IMUX32,Bram,13,1,TileAsyncMUX00
Bram,13,1,IMUX32,Bram,13,1,TileClkEnMUX01
Bram,13,1,RMUX00,Bram,13,1,IMUX02
Bram,13,1,RMUX00,Bram,13,1,IMUX06
Bram,13,1,RMUX00,Bram,13,1,IMUX14
Bram,13,1,RMUX04,Bram,13,1,CtrlMUX02
Bram,13,1,RMUX04,Bram,13,1,IMUX36
Bram,13,1,RMUX04,Bram,13,1,IMUX44
Bram,13,1,RMUX04,Bram,13,1,IMUX62
Bram,13,1,RMUX05,Bram,13,1,IMUX05
Bram,13,1,RMUX05,Bram,13,1,IMUX37
Bram,13,1,RMUX05,Bram,13,1,IMUX45
Bram,13,1,RMUX05,Bram,13,1,IMUX55
Bram,13,1,RMUX05,Bram,13,1,IMUX63
Bram,13,1,RMUX06,Bram,13,1,IMUX00
Bram,13,1,RMUX06,Bram,13,1,IMUX06
Bram,13,1,RMUX06,Bram,13,1,IMUX14
Bram,13,1,RMUX08,Logic,14,1,RMUX32
Bram,13,1,RMUX08,Logic,15,1,RMUX32
Bram,13,1,RMUX10,Bram,13,1,IMUX18
Bram,13,1,RMUX10,Bram,13,1,IMUX44
Bram,13,1,RMUX10,Bram,13,1,IMUX46
Bram,13,1,RMUX10,Bram,13,1,IMUX52
Bram,13,1,RMUX11,Bram,13,1,IMUX43
Bram,13,1,RMUX11,Bram,13,1,IMUX59
Bram,13,1,RMUX11,Bram,13,1,IMUX61
Bram,13,1,RMUX11,Bram,13,1,IMUX63
Bram,13,1,RMUX12,Bram,13,1,IMUX09
Bram,13,1,RMUX14,Bram,13,4,RMUX61
Bram,13,1,RMUX15,Logic,14,1,RMUX69
Bram,13,1,RMUX16,Bram,13,1,IMUX44
Bram,13,1,RMUX16,Bram,13,1,IMUX60
Bram,13,1,RMUX17,Bram,13,1,IMUX33
Bram,13,1,RMUX17,Bram,13,1,IMUX51
Bram,13,1,RMUX17,Bram,13,1,IMUX53
Bram,13,1,RMUX20,Logic,12,1,RMUX74
Bram,13,1,RMUX22,Bram,13,1,IMUX34
Bram,13,1,RMUX22,Bram,13,1,IMUX40
Bram,13,1,RMUX22,Bram,13,1,IMUX44
Bram,13,1,RMUX22,Bram,13,1,IMUX54
Bram,13,1,RMUX22,Bram,13,1,IMUX60
Bram,13,1,RMUX23,Bram,13,1,IMUX23
Bram,13,1,RMUX23,Bram,13,1,IMUX33
Bram,13,1,RMUX23,Bram,13,1,IMUX45
Bram,13,1,RMUX23,Bram,13,1,IMUX57
Bram,13,1,RMUX24,Bram,13,1,IMUX22
Bram,13,1,RMUX24,Bram,13,1,IMUX24
Bram,13,1,RMUX26,Logic,12,1,RMUX08
Bram,13,1,RMUX27,Bram,13,1,RMUX15
Bram,13,1,RMUX28,Bram,13,1,IMUX08
Bram,13,1,RMUX28,Bram,13,1,IMUX38
Bram,13,1,RMUX28,Bram,13,1,IMUX46
Bram,13,1,RMUX29,Bram,13,1,IMUX47
Bram,13,1,RMUX30,Bram,13,1,IMUX20
Bram,13,1,RMUX30,Bram,13,1,IMUX24
Bram,13,1,RMUX34,Bram,13,1,IMUX08
Bram,13,1,RMUX34,Bram,13,1,IMUX16
Bram,13,1,RMUX34,Bram,13,1,IMUX46
Bram,13,1,RMUX34,Bram,13,1,IMUX58
Bram,13,1,RMUX35,Bram,13,1,IMUX37
Bram,13,1,RMUX35,Bram,13,1,IMUX45
Bram,13,1,RMUX35,Bram,13,1,IMUX57
Bram,13,1,RMUX36,Bram,13,1,IMUX21
Bram,13,1,RMUX36,Bram,13,1,IMUX23
Bram,13,1,RMUX40,Bram,13,1,IMUX32
Bram,13,1,RMUX40,Bram,13,1,IMUX48
Bram,13,1,RMUX40,Bram,13,1,IMUX62
Bram,13,1,RMUX41,Bram,13,1,IMUX01
Bram,13,1,RMUX41,Bram,13,1,IMUX15
Bram,13,1,RMUX41,Bram,13,1,IMUX45
Bram,13,1,RMUX41,Bram,13,1,IMUX59
Bram,13,1,RMUX42,Bram,13,1,IMUX21
Bram,13,1,RMUX44,Bram,13,4,RMUX74
Bram,13,1,RMUX44,Bram,13,4,RMUX81
Bram,13,1,RMUX45,Logic,14,1,RMUX92
Bram,13,1,RMUX46,Bram,13,1,IMUX02
Bram,13,1,RMUX46,Bram,13,1,IMUX50
Bram,13,1,RMUX46,Bram,13,1,IMUX54
Bram,13,1,RMUX46,Bram,13,1,IMUX56
Bram,13,1,RMUX47,Bram,13,1,CtrlMUX01
Bram,13,1,RMUX47,Bram,13,1,IMUX39
Bram,13,1,RMUX47,Bram,13,1,IMUX49
Bram,13,1,RMUX48,Bram,13,1,IMUX34
Bram,13,1,RMUX48,Bram,13,1,IMUX36
Bram,13,1,RMUX50,Bram,13,4,RMUX03
Bram,13,1,RMUX51,Logic,14,1,RMUX15
Bram,13,1,RMUX52,Bram,13,1,IMUX32
Bram,13,1,RMUX52,Bram,13,1,IMUX62
Bram,13,1,RMUX53,Bram,13,1,CtrlMUX03
Bram,13,1,RMUX53,Bram,13,1,IMUX31
Bram,13,1,RMUX53,Bram,13,1,IMUX35
Bram,13,1,RMUX53,Bram,13,1,IMUX63
Bram,13,1,RMUX54,Bram,13,1,IMUX36
Bram,13,1,RMUX57,Bram,13,4,RMUX45
Bram,13,1,RMUX58,Bram,13,1,IMUX00
Bram,13,1,RMUX58,Bram,13,1,IMUX32
Bram,13,1,RMUX58,Bram,13,1,IMUX48
Bram,13,1,RMUX58,Bram,13,1,IMUX50
Bram,13,1,RMUX59,Bram,13,1,IMUX31
Bram,13,1,RMUX59,Bram,13,1,IMUX35
Bram,13,1,RMUX59,Bram,13,1,IMUX43
Bram,13,1,RMUX60,Bram,13,1,IMUX33
Bram,13,1,RMUX60,Bram,13,1,IMUX41
Bram,13,1,RMUX63,Logic,12,1,RMUX68
Bram,13,1,RMUX64,Bram,13,1,IMUX18
Bram,13,1,RMUX65,Bram,13,1,IMUX05
Bram,13,1,RMUX65,Bram,13,1,IMUX33
Bram,13,1,RMUX65,Bram,13,1,IMUX45
Bram,13,1,RMUX65,Bram,13,1,IMUX59
Bram,13,1,RMUX65,Bram,13,1,IMUX61
Bram,13,1,RMUX66,Bram,13,1,IMUX33
Bram,13,1,RMUX66,Bram,13,1,IMUX35
Bram,13,1,RMUX66,Bram,13,1,IMUX41
Bram,13,1,RMUX68,Logic,14,1,RMUX85
Bram,13,1,RMUX70,Bram,13,1,IMUX10
Bram,13,1,RMUX70,Bram,13,1,IMUX36
Bram,13,1,RMUX70,Bram,13,1,IMUX44
Bram,13,1,RMUX70,Bram,13,1,IMUX56
Bram,13,1,RMUX71,Bram,13,1,IMUX55
Bram,13,1,RMUX71,Bram,13,1,IMUX61
Bram,13,1,RMUX71,Bram,13,1,IMUX63
Bram,13,1,RMUX72,Bram,13,1,IMUX50
Bram,13,1,RMUX72,Bram,13,1,IMUX52
Bram,13,1,RMUX72,Bram,13,1,IMUX60
Bram,13,1,RMUX74,Logic,14,1,RMUX02
Bram,13,1,RMUX74,Logic,14,1,RMUX09
Bram,13,1,RMUX75,Bram,13,2,RMUX15
Bram,13,1,RMUX76,Bram,13,1,IMUX02
Bram,13,1,RMUX76,Bram,13,1,IMUX42
Bram,13,1,RMUX76,Bram,13,1,IMUX52
Bram,13,1,RMUX76,Bram,13,1,IMUX54
Bram,13,1,RMUX77,Bram,13,1,IMUX13
Bram,13,1,RMUX77,Bram,13,1,IMUX19
Bram,13,1,RMUX77,Bram,13,1,IMUX51
Bram,13,1,RMUX78,Bram,13,1,IMUX50
Bram,13,1,RMUX78,Bram,13,1,IMUX56
Bram,13,1,RMUX78,Bram,13,1,IMUX58
Bram,13,1,RMUX78,Bram,13,1,IMUX62
Bram,13,1,RMUX81,Logic,14,1,RMUX39
Bram,13,1,RMUX82,Bram,13,1,IMUX42
Bram,13,1,RMUX82,Bram,13,1,IMUX50
Bram,13,1,RMUX82,Bram,13,1,IMUX54
Bram,13,1,RMUX83,Bram,13,1,IMUX13
Bram,13,1,RMUX83,Bram,13,1,IMUX55
Bram,13,1,RMUX83,Bram,13,1,IMUX59
Bram,13,1,RMUX84,Bram,13,1,IMUX49
Bram,13,1,RMUX84,Bram,13,1,IMUX53
Bram,13,1,RMUX87,Bram,13,4,RMUX68
Bram,13,1,RMUX88,Bram,13,1,IMUX08
Bram,13,1,RMUX88,Bram,13,1,IMUX22
Bram,13,1,RMUX88,Bram,13,1,IMUX38
Bram,13,1,RMUX89,Bram,13,1,IMUX01
Bram,13,1,RMUX89,Bram,13,1,IMUX43
Bram,13,1,RMUX90,Bram,13,1,IMUX53
Bram,13,1,RMUX90,Bram,13,1,IMUX57
Bram,13,1,RMUX94,Bram,13,1,IMUX04
Bram,13,1,RMUX94,Bram,13,1,IMUX08
Bram,13,1,RMUX94,Bram,13,1,IMUX10
Bram,13,1,RMUX94,Bram,13,1,IMUX16
Bram,13,1,RMUX95,Bram,13,1,IMUX01
Bram,13,1,RMUX95,Bram,13,1,IMUX43
Bram,13,1,RMUX95,Bram,13,1,IMUX47
Bram,13,1,SeamMUX00,Bram,13,1,TileClkMUX00
Bram,13,1,SeamMUX01,Bram,13,1,TileClkMUX01
Bram,13,1,TMUX00,Bram,13,1,KMUX00
Bram,13,1,TMUX00,Bram,13,1,KMUX02
Bram,13,1,TMUX00,Bram,13,1,KMUX06
Bram,13,1,TMUX00,Bram,13,1,KMUX09
Bram,13,1,TMUX01,Bram,13,1,KMUX04
Bram,13,1,TMUX01,Bram,13,1,KMUX05
Bram,13,1,TMUX01,Bram,13,1,KMUX08
Bram,13,1,TMUX01,Bram,13,1,KMUX09
Bram,13,1,TMUX03,Bram,13,1,KMUX00
Bram,13,1,TMUX03,Bram,13,1,KMUX02
Bram,13,1,TMUX04,Bram,13,1,KMUX03
Bram,13,1,TMUX04,Bram,13,1,KMUX07
Bram,13,1,TMUX05,Bram,13,1,KMUX01
Bram,13,1,TMUX05,Bram,13,1,KMUX03
Bram,13,1,TMUX05,Bram,13,1,KMUX04
Bram,13,1,TMUX05,Bram,13,1,KMUX05
Bram,13,1,TMUX06,Bram,13,1,KMUX03
Bram,13,1,TMUX07,Bram,13,1,KMUX09
Bram,13,1,TMUX08,Bram,13,1,KMUX00
Bram,13,1,TMUX08,Bram,13,1,KMUX07
Bram,13,1,TMUX09,Bram,13,1,KMUX03
Bram,13,1,TMUX09,Bram,13,1,KMUX05
Bram,13,1,TMUX10,Bram,13,1,KMUX01
Bram,13,1,TMUX10,Bram,13,1,KMUX04
Bram,13,1,TMUX11,Bram,13,1,KMUX02
Bram,13,1,TMUX11,Bram,13,1,KMUX04
Bram,13,1,TMUX11,Bram,13,1,KMUX07
Bram,13,1,TMUX12,Bram,13,1,KMUX08
Bram,13,1,TMUX12,Bram,13,1,KMUX09
Bram,13,1,TMUX13,Bram,13,1,KMUX00
Bram,13,1,TMUX13,Bram,13,1,KMUX02
Bram,13,1,TMUX15,Bram,13,1,KMUX01
Bram,13,1,TMUX15,Bram,13,1,KMUX03
Bram,13,1,TMUX15,Bram,13,1,KMUX04
Bram,13,1,TMUX15,Bram,13,1,KMUX08
Bram,13,2,BufMUX00,Logic,14,2,RMUX09
Bram,13,2,BufMUX01,Logic,14,2,RMUX03
Bram,13,2,BufMUX02,Logic,14,2,RMUX02
Bram,13,2,BufMUX03,Logic,14,2,RMUX21
Bram,13,2,BufMUX04,Logic,14,2,RMUX44
Bram,13,2,BufMUX05,Logic,14,2,RMUX38
Bram,13,2,BufMUX06,Logic,14,2,RMUX32
Bram,13,2,BufMUX07,Logic,14,2,RMUX39
Bram,13,2,BufMUX08,Logic,14,2,RMUX57
Bram,13,2,BufMUX09,Logic,14,2,RMUX62
Bram,13,2,BufMUX10,Logic,14,2,RMUX69
Bram,13,2,BufMUX11,Logic,14,2,RMUX50
Bram,13,2,BufMUX12,Logic,14,2,RMUX92
Bram,13,2,BufMUX13,Logic,14,2,RMUX75
Bram,13,2,BufMUX14,Logic,14,2,RMUX80
Bram,13,2,BufMUX15,Logic,14,2,RMUX80
Bram,13,2,BufMUX16,Bram,13,2,RMUX15
Bram,13,2,BufMUX17,Bram,13,2,RMUX08
Bram,13,2,BufMUX18,Bram,13,2,RMUX20
Bram,13,2,BufMUX19,Bram,13,2,RMUX09
Bram,13,2,BufMUX20,Bram,13,2,RMUX39
Bram,13,2,BufMUX21,Bram,13,2,RMUX45
Bram,13,2,BufMUX22,Bram,13,2,RMUX44
Bram,13,2,BufMUX23,Bram,13,2,RMUX38
Bram,13,2,BufMUX24,Bram,13,2,RMUX50
Bram,13,2,BufMUX25,Bram,13,2,RMUX63
Bram,13,2,BufMUX26,Bram,13,2,RMUX68
Bram,13,2,BufMUX27,Bram,13,2,RMUX51
Bram,13,2,BufMUX28,Bram,13,2,RMUX74
Bram,13,2,BufMUX29,Bram,13,2,RMUX74
Bram,13,2,BufMUX30,Bram,13,2,RMUX81
Bram,13,2,BufMUX31,Bram,13,2,RMUX75
Bram,13,2,BufMUX32,Bram,13,2,RMUX08
Bram,13,2,BufMUX33,Bram,13,2,RMUX44
Bram,13,2,BufMUX34,Bram,13,2,RMUX61
Bram,13,2,BufMUX35,Bram,13,2,RMUX93
Bram,13,2,CtrlMUX00,Bram,13,2,TileAsyncMUX01
Bram,13,2,CtrlMUX01,Bram,13,2,TileAsyncMUX01
Bram,13,2,CtrlMUX02,Bram,13,2,TileClkEnMUX00
Bram,13,2,CtrlMUX03,Bram,13,2,TileClkEnMUX00
Bram,13,2,IMUX31,Bram,13,2,TileAsyncMUX00
Bram,13,2,IMUX31,Bram,13,2,TileClkEnMUX01
Bram,13,2,IMUX32,Bram,13,2,TileAsyncMUX00
Bram,13,2,IMUX32,Bram,13,2,TileClkEnMUX01
Bram,13,2,RMUX00,Bram,13,2,IMUX06
Bram,13,2,RMUX04,Bram,13,2,CtrlMUX00
Bram,13,2,RMUX04,Bram,13,2,IMUX32
Bram,13,2,RMUX04,Bram,13,2,IMUX38
Bram,13,2,RMUX04,Bram,13,2,IMUX42
Bram,13,2,RMUX04,Bram,13,2,IMUX62
Bram,13,2,RMUX05,Bram,13,2,IMUX05
Bram,13,2,RMUX05,Bram,13,2,IMUX59
Bram,13,2,RMUX06,Bram,13,2,IMUX02
Bram,13,2,RMUX06,Bram,13,2,IMUX10
Bram,13,2,RMUX07,Bram,13,1,RMUX41
Bram,13,2,RMUX08,Logic,14,2,RMUX32
Bram,13,2,RMUX08,Logic,17,2,RMUX32
Bram,13,2,RMUX09,Bram,13,3,RMUX28
Bram,13,2,RMUX09,Bram,13,4,RMUX44
Bram,13,2,RMUX10,Bram,13,2,IMUX42
Bram,13,2,RMUX11,Bram,13,2,IMUX43
Bram,13,2,RMUX11,Bram,13,2,IMUX55
Bram,13,2,RMUX12,Bram,13,2,IMUX01
Bram,13,2,RMUX12,Bram,13,2,IMUX09
Bram,13,2,RMUX15,Logic,14,2,RMUX69
Bram,13,2,RMUX16,Bram,13,2,IMUX48
Bram,13,2,RMUX16,Bram,13,2,IMUX50
Bram,13,2,RMUX16,Bram,13,2,IMUX60
Bram,13,2,RMUX17,Bram,13,2,IMUX13
Bram,13,2,RMUX17,Bram,13,2,IMUX23
Bram,13,2,RMUX17,Bram,13,2,IMUX33
Bram,13,2,RMUX17,Bram,13,2,IMUX41
Bram,13,2,RMUX18,Bram,13,2,IMUX15
Bram,13,2,RMUX18,Logic,12,2,IMUX51
Bram,13,2,RMUX20,Logic,12,2,RMUX74
Bram,13,2,RMUX21,Bram,13,1,RMUX76
Bram,13,2,RMUX21,Bram,13,1,RMUX82
Bram,13,2,RMUX22,Bram,13,2,IMUX50
Bram,13,2,RMUX22,Bram,13,2,IMUX60
Bram,13,2,RMUX23,Bram,13,2,IMUX33
Bram,13,2,RMUX23,Bram,13,2,IMUX39
Bram,13,2,RMUX23,Bram,13,2,IMUX41
Bram,13,2,RMUX24,Bram,13,2,IMUX16
Bram,13,2,RMUX27,Bram,13,1,RMUX04
Bram,13,2,RMUX27,Bram,13,1,RMUX10
Bram,13,2,RMUX28,Bram,13,2,IMUX08
Bram,13,2,RMUX28,Bram,13,2,IMUX58
Bram,13,2,RMUX29,Bram,13,2,CtrlMUX03
Bram,13,2,RMUX29,Bram,13,2,IMUX33
Bram,13,2,RMUX29,Bram,13,2,IMUX37
Bram,13,2,RMUX29,Bram,13,2,IMUX63
Bram,13,2,RMUX30,Bram,13,2,IMUX18
Bram,13,2,RMUX30,Bram,13,2,IMUX20
Bram,13,2,RMUX30,Bram,13,2,IMUX26
Bram,13,2,RMUX34,Bram,13,2,IMUX40
Bram,13,2,RMUX35,Bram,13,2,CtrlMUX03
Bram,13,2,RMUX35,Bram,13,2,IMUX37
Bram,13,2,RMUX35,Bram,13,2,IMUX39
Bram,13,2,RMUX35,Bram,13,2,IMUX57
Bram,13,2,RMUX35,Bram,13,2,IMUX63
Bram,13,2,RMUX36,Bram,13,2,IMUX23
Bram,13,2,RMUX36,Bram,13,2,IMUX27
Bram,13,2,RMUX36,Bram,13,2,IMUX29
Bram,13,2,RMUX37,Bram,13,1,RMUX54
Bram,13,2,RMUX37,Bram,13,1,RMUX70
Bram,13,2,RMUX38,Logic,14,2,RMUX50
Bram,13,2,RMUX39,Bram,13,3,RMUX68
Bram,13,2,RMUX40,Bram,13,2,IMUX02
Bram,13,2,RMUX40,Bram,13,2,IMUX34
Bram,13,2,RMUX40,Bram,13,2,IMUX62
Bram,13,2,RMUX41,Bram,13,2,IMUX01
Bram,13,2,RMUX41,Bram,13,2,IMUX47
Bram,13,2,RMUX42,Bram,13,2,IMUX27
Bram,13,2,RMUX42,Bram,13,2,IMUX31
Bram,13,2,RMUX44,Bram,13,3,RMUX74
Bram,13,2,RMUX44,Bram,13,3,RMUX81
Bram,13,2,RMUX45,Logic,15,2,RMUX92
Bram,13,2,RMUX46,Bram,13,2,IMUX32
Bram,13,2,RMUX46,Bram,13,2,IMUX34
Bram,13,2,RMUX46,Bram,13,2,IMUX54
Bram,13,2,RMUX46,Bram,13,2,IMUX62
Bram,13,2,RMUX47,Bram,13,2,IMUX47
Bram,13,2,RMUX47,Bram,13,2,IMUX49
Bram,13,2,RMUX47,Bram,13,2,IMUX59
Bram,13,2,RMUX50,Bram,13,3,RMUX08
Bram,13,2,RMUX51,Logic,14,2,RMUX21
Bram,13,2,RMUX52,Bram,13,2,IMUX16
Bram,13,2,RMUX52,Bram,13,2,IMUX32
Bram,13,2,RMUX53,Bram,13,2,IMUX23
Bram,13,2,RMUX53,Bram,13,2,IMUX43
Bram,13,2,RMUX53,Bram,13,2,IMUX47
Bram,13,2,RMUX54,Bram,13,2,IMUX46
Bram,13,2,RMUX58,Bram,13,2,CtrlMUX02
Bram,13,2,RMUX58,Bram,13,2,IMUX38
Bram,13,2,RMUX58,Bram,13,2,IMUX46
Bram,13,2,RMUX58,Bram,13,2,IMUX50
Bram,13,2,RMUX59,Bram,13,2,IMUX35
Bram,13,2,RMUX60,Bram,13,2,IMUX45
Bram,13,2,RMUX61,Logic,14,2,RMUX55
Bram,13,2,RMUX62,Bram,13,4,RMUX61
Bram,13,2,RMUX63,Logic,12,2,RMUX68
Bram,13,2,RMUX64,Bram,13,2,CtrlMUX00
Bram,13,2,RMUX64,Bram,13,2,IMUX32
Bram,13,2,RMUX64,Bram,13,2,IMUX46
Bram,13,2,RMUX64,Bram,13,2,IMUX48
Bram,13,2,RMUX64,Bram,13,2,IMUX52
Bram,13,2,RMUX65,Bram,13,2,IMUX55
Bram,13,2,RMUX65,Bram,13,2,IMUX63
Bram,13,2,RMUX66,Bram,13,2,IMUX39
Bram,13,2,RMUX66,Bram,13,2,IMUX43
Bram,13,2,RMUX68,Logic,15,2,RMUX80
Bram,13,2,RMUX70,Bram,13,2,CtrlMUX00
Bram,13,2,RMUX70,Bram,13,2,IMUX46
Bram,13,2,RMUX70,Bram,13,2,IMUX48
Bram,13,2,RMUX70,Bram,13,2,IMUX56
Bram,13,2,RMUX71,Bram,13,2,IMUX05
Bram,13,2,RMUX71,Bram,13,2,IMUX43
Bram,13,2,RMUX71,Bram,13,2,IMUX61
Bram,13,2,RMUX72,Bram,13,2,IMUX52
Bram,13,2,RMUX72,Bram,13,2,IMUX56
Bram,13,2,RMUX72,Bram,13,2,IMUX58
Bram,13,2,RMUX74,Logic,14,2,RMUX02
Bram,13,2,RMUX74,Logic,14,2,RMUX09
Bram,13,2,RMUX75,Bram,13,3,RMUX15
Bram,13,2,RMUX76,Bram,13,2,IMUX18
Bram,13,2,RMUX76,Bram,13,2,IMUX36
Bram,13,2,RMUX76,Bram,13,2,IMUX52
Bram,13,2,RMUX76,Bram,13,2,IMUX54
Bram,13,2,RMUX77,Bram,13,2,IMUX29
Bram,13,2,RMUX77,Bram,13,2,IMUX45
Bram,13,2,RMUX77,Bram,13,2,IMUX51
Bram,13,2,RMUX77,Bram,13,2,IMUX59
Bram,13,2,RMUX78,Bram,13,2,IMUX50
Bram,13,2,RMUX78,Bram,13,2,IMUX52
Bram,13,2,RMUX78,Bram,13,2,IMUX58
Bram,13,2,RMUX81,Logic,15,2,RMUX39
Bram,13,2,RMUX82,Bram,13,2,IMUX02
Bram,13,2,RMUX82,Bram,13,2,IMUX18
Bram,13,2,RMUX82,Bram,13,2,IMUX44
Bram,13,2,RMUX83,Bram,13,2,IMUX01
Bram,13,2,RMUX83,Bram,13,2,IMUX55
Bram,13,2,RMUX83,Bram,13,2,IMUX59
Bram,13,2,RMUX84,Bram,13,2,IMUX49
Bram,13,2,RMUX84,Bram,13,2,IMUX53
Bram,13,2,RMUX84,Bram,13,2,IMUX57
Bram,13,2,RMUX87,Bram,13,1,RMUX59
Bram,13,2,RMUX88,Bram,13,2,IMUX04
Bram,13,2,RMUX88,Bram,13,2,IMUX28
Bram,13,2,RMUX88,Bram,13,2,IMUX40
Bram,13,2,RMUX88,Bram,13,2,IMUX50
Bram,13,2,RMUX89,Bram,13,2,CtrlMUX03
Bram,13,2,RMUX89,Bram,13,2,IMUX01
Bram,13,2,RMUX89,Bram,13,2,IMUX09
Bram,13,2,RMUX89,Bram,13,2,IMUX27
Bram,13,2,RMUX90,Bram,13,2,IMUX49
Bram,13,2,RMUX90,Bram,13,2,IMUX53
Bram,13,2,RMUX93,Logic,12,2,RMUX92
Bram,13,2,RMUX94,Bram,13,2,IMUX10
Bram,13,2,RMUX94,Bram,13,2,IMUX22
Bram,13,2,RMUX94,Bram,13,2,IMUX44
Bram,13,2,RMUX95,Bram,13,2,IMUX03
Bram,13,2,RMUX95,Bram,13,2,IMUX31
Bram,13,2,RMUX95,Bram,13,2,IMUX33
Bram,13,2,SeamMUX00,Bram,13,2,TileClkMUX00
Bram,13,2,SeamMUX01,Bram,13,2,TileClkMUX01
Bram,13,2,TMUX00,Bram,13,2,KMUX00
Bram,13,2,TMUX00,Bram,13,2,KMUX02
Bram,13,2,TMUX00,Bram,13,2,KMUX05
Bram,13,2,TMUX01,Bram,13,2,KMUX04
Bram,13,2,TMUX01,Bram,13,2,KMUX08
Bram,13,2,TMUX03,Bram,13,2,KMUX02
Bram,13,2,TMUX03,Bram,13,2,KMUX07
Bram,13,2,TMUX04,Bram,13,2,KMUX03
Bram,13,2,TMUX04,Bram,13,2,KMUX07
Bram,13,2,TMUX05,Bram,13,2,KMUX04
Bram,13,2,TMUX05,Bram,13,2,KMUX05
Bram,13,2,TMUX05,Bram,13,2,KMUX07
Bram,13,2,TMUX06,Bram,13,2,KMUX03
Bram,13,2,TMUX06,Bram,13,2,KMUX05
Bram,13,2,TMUX07,Bram,13,2,KMUX09
Bram,13,2,TMUX08,Bram,13,2,KMUX00
Bram,13,2,TMUX08,Bram,13,2,KMUX02
Bram,13,2,TMUX09,Bram,13,2,KMUX03
Bram,13,2,TMUX09,Bram,13,2,KMUX04
Bram,13,2,TMUX10,Bram,13,2,KMUX01
Bram,13,2,TMUX10,Bram,13,2,KMUX04
Bram,13,2,TMUX11,Bram,13,2,KMUX07
Bram,13,2,TMUX12,Bram,13,2,KMUX08
Bram,13,2,TMUX12,Bram,13,2,KMUX09
Bram,13,2,TMUX13,Bram,13,2,KMUX00
Bram,13,2,TMUX13,Bram,13,2,KMUX02
Bram,13,2,TMUX13,Bram,13,2,KMUX03
Bram,13,2,TMUX15,Bram,13,2,KMUX01
Bram,13,2,TMUX15,Bram,13,2,KMUX04
Bram,13,2,TMUX15,Bram,13,2,KMUX08
Bram,13,2,TMUX15,Bram,13,2,KMUX09
Bram,13,3,BufMUX00,Logic,14,3,RMUX09
Bram,13,3,BufMUX01,Logic,14,3,RMUX05
Bram,13,3,BufMUX02,Logic,14,3,RMUX02
Bram,13,3,BufMUX03,Logic,14,3,RMUX08
Bram,13,3,BufMUX04,Logic,14,3,RMUX29
Bram,13,3,BufMUX05,Logic,14,3,RMUX25
Bram,13,3,BufMUX06,Logic,14,3,RMUX32
Bram,13,3,BufMUX07,Logic,14,3,RMUX39
Bram,13,3,BufMUX08,Logic,14,3,RMUX55
Bram,13,3,BufMUX09,Logic,14,3,RMUX57
Bram,13,3,BufMUX10,Logic,14,3,RMUX69
Bram,13,3,BufMUX11,Logic,14,3,RMUX71
Bram,13,3,BufMUX12,Logic,14,3,RMUX92
Bram,13,3,BufMUX13,Logic,14,3,RMUX81
Bram,13,3,BufMUX14,Logic,14,3,RMUX85
Bram,13,3,BufMUX15,Logic,14,3,RMUX85
Bram,13,3,BufMUX16,Bram,13,3,RMUX15
Bram,13,3,BufMUX17,Bram,13,3,RMUX08
Bram,13,3,BufMUX18,Bram,13,3,RMUX20
Bram,13,3,BufMUX19,Bram,13,3,RMUX18
Bram,13,3,BufMUX20,Bram,13,3,RMUX39
Bram,13,3,BufMUX21,Bram,13,3,RMUX45
Bram,13,3,BufMUX22,Bram,13,3,RMUX38
Bram,13,3,BufMUX23,Bram,13,3,RMUX33
Bram,13,3,BufMUX24,Bram,13,3,RMUX61
Bram,13,3,BufMUX25,Bram,13,3,RMUX63
Bram,13,3,BufMUX26,Bram,13,3,RMUX51
Bram,13,3,BufMUX27,Bram,13,3,RMUX62
Bram,13,3,BufMUX28,Bram,13,3,RMUX74
Bram,13,3,BufMUX29,Bram,13,3,RMUX87
Bram,13,3,BufMUX30,Bram,13,3,RMUX81
Bram,13,3,BufMUX31,Bram,13,3,RMUX90
Bram,13,3,BufMUX32,Bram,13,3,RMUX08
Bram,13,3,BufMUX33,Bram,13,3,RMUX33
Bram,13,3,BufMUX34,Bram,13,3,RMUX68
Bram,13,3,BufMUX35,Bram,13,3,RMUX74
Bram,13,3,CtrlMUX01,Bram,13,3,TileAsyncMUX01
Bram,13,3,CtrlMUX02,Bram,13,3,TileClkEnMUX00
Bram,13,3,CtrlMUX03,Bram,13,3,TileClkEnMUX00
Bram,13,3,IMUX31,Bram,13,3,TileAsyncMUX00
Bram,13,3,IMUX31,Bram,13,3,TileClkEnMUX01
Bram,13,3,IMUX32,Bram,13,3,TileAsyncMUX00
Bram,13,3,IMUX32,Bram,13,3,TileClkEnMUX01
Bram,13,3,RMUX04,Bram,13,3,IMUX02
Bram,13,3,RMUX04,Bram,13,3,IMUX20
Bram,13,3,RMUX04,Bram,13,3,IMUX32
Bram,13,3,RMUX04,Bram,13,3,IMUX48
Bram,13,3,RMUX05,Bram,13,3,CtrlMUX01
Bram,13,3,RMUX05,Bram,13,3,IMUX01
Bram,13,3,RMUX05,Bram,13,3,IMUX47
Bram,13,3,RMUX05,Bram,13,3,IMUX51
Bram,13,3,RMUX07,Bram,13,1,RMUX46
Bram,13,3,RMUX07,Bram,13,1,RMUX47
Bram,13,3,RMUX08,Logic,14,3,RMUX32
Bram,13,3,RMUX08,Logic,15,3,RMUX32
Bram,13,3,RMUX10,Bram,13,3,IMUX40
Bram,13,3,RMUX10,Bram,13,3,IMUX48
Bram,13,3,RMUX10,Bram,13,3,IMUX52
Bram,13,3,RMUX11,Bram,13,3,IMUX05
Bram,13,3,RMUX11,Bram,13,3,IMUX47
Bram,13,3,RMUX11,Bram,13,3,IMUX61
Bram,13,3,RMUX12,Bram,13,3,IMUX09
Bram,13,3,RMUX12,Bram,13,3,IMUX11
Bram,13,3,RMUX15,Logic,14,3,RMUX69
Bram,13,3,RMUX16,Bram,13,3,IMUX48
Bram,13,3,RMUX16,Bram,13,3,IMUX50
Bram,13,3,RMUX16,Bram,13,3,IMUX60
Bram,13,3,RMUX17,Bram,13,3,IMUX33
Bram,13,3,RMUX17,Bram,13,3,IMUX41
Bram,13,3,RMUX17,Bram,13,3,IMUX49
Bram,13,3,RMUX18,Logic,12,3,IMUX43
Bram,13,3,RMUX20,Logic,12,3,RMUX74
Bram,13,3,RMUX21,Bram,13,1,RMUX76
Bram,13,3,RMUX21,Bram,13,2,RMUX77
Bram,13,3,RMUX22,Bram,13,3,IMUX48
Bram,13,3,RMUX22,Bram,13,3,IMUX50
Bram,13,3,RMUX22,Bram,13,3,IMUX60
Bram,13,3,RMUX23,Bram,13,3,IMUX23
Bram,13,3,RMUX23,Bram,13,3,IMUX33
Bram,13,3,RMUX23,Bram,13,3,IMUX41
Bram,13,3,RMUX24,Bram,13,3,IMUX30
Bram,13,3,RMUX27,Bram,13,1,RMUX05
Bram,13,3,RMUX27,Bram,13,1,RMUX11
Bram,13,3,RMUX27,Bram,13,2,RMUX04
Bram,13,3,RMUX28,Bram,13,3,IMUX08
Bram,13,3,RMUX28,Bram,13,3,IMUX28
Bram,13,3,RMUX28,Bram,13,3,IMUX32
Bram,13,3,RMUX28,Bram,13,3,IMUX44
Bram,13,3,RMUX28,Bram,13,3,IMUX58
Bram,13,3,RMUX29,Bram,13,3,CtrlMUX03
Bram,13,3,RMUX29,Bram,13,3,IMUX31
Bram,13,3,RMUX29,Bram,13,3,IMUX53
Bram,13,3,RMUX29,Bram,13,3,IMUX57
Bram,13,3,RMUX30,Bram,13,3,IMUX16
Bram,13,3,RMUX33,Logic,12,3,RMUX45
Bram,13,3,RMUX34,Bram,13,3,IMUX00
Bram,13,3,RMUX34,Bram,13,3,IMUX40
Bram,13,3,RMUX34,Bram,13,3,IMUX44
Bram,13,3,RMUX34,Bram,13,3,IMUX58
Bram,13,3,RMUX35,Bram,13,3,CtrlMUX03
Bram,13,3,RMUX35,Bram,13,3,IMUX33
Bram,13,3,RMUX36,Bram,13,3,IMUX17
Bram,13,3,RMUX36,Bram,13,3,IMUX27
Bram,13,3,RMUX37,Bram,13,2,RMUX65
Bram,13,3,RMUX38,Logic,17,3,RMUX56
Bram,13,3,RMUX39,Bram,13,4,RMUX68
Bram,13,3,RMUX40,Bram,13,3,IMUX34
Bram,13,3,RMUX40,Bram,13,3,IMUX46
Bram,13,3,RMUX40,Bram,13,3,IMUX52
Bram,13,3,RMUX40,Bram,13,3,IMUX54
Bram,13,3,RMUX41,Bram,13,3,IMUX01
Bram,13,3,RMUX41,Bram,13,3,IMUX43
Bram,13,3,RMUX41,Bram,13,3,IMUX55
Bram,13,3,RMUX41,Bram,13,3,IMUX63
Bram,13,3,RMUX42,Bram,13,3,IMUX17
Bram,13,3,RMUX42,Bram,13,3,IMUX27
Bram,13,3,RMUX44,Bram,13,2,RMUX90
Bram,13,3,RMUX45,Logic,15,3,RMUX92
Bram,13,3,RMUX46,Bram,13,3,CtrlMUX02
Bram,13,3,RMUX46,Bram,13,3,IMUX34
Bram,13,3,RMUX46,Bram,13,3,IMUX50
Bram,13,3,RMUX46,Bram,13,3,IMUX52
Bram,13,3,RMUX46,Bram,13,3,IMUX62
Bram,13,3,RMUX47,Bram,13,3,IMUX25
Bram,13,3,RMUX47,Bram,13,3,IMUX43
Bram,13,3,RMUX47,Bram,13,3,IMUX47
Bram,13,3,RMUX47,Bram,13,3,IMUX51
Bram,13,3,RMUX47,Bram,13,3,IMUX59
Bram,13,3,RMUX48,Bram,13,3,IMUX34
Bram,13,3,RMUX48,Bram,13,3,IMUX38
Bram,13,3,RMUX48,Bram,13,3,IMUX42
Bram,13,3,RMUX51,Logic,14,3,RMUX15
Bram,13,3,RMUX52,Bram,13,3,CtrlMUX02
Bram,13,3,RMUX52,Bram,13,3,IMUX16
Bram,13,3,RMUX52,Bram,13,3,IMUX38
Bram,13,3,RMUX52,Bram,13,3,IMUX62
Bram,13,3,RMUX53,Bram,13,3,IMUX31
Bram,13,3,RMUX53,Bram,13,3,IMUX35
Bram,13,3,RMUX53,Bram,13,3,IMUX43
Bram,13,3,RMUX54,Bram,13,3,IMUX32
Bram,13,3,RMUX54,Bram,13,3,IMUX42
Bram,13,3,RMUX54,Bram,13,3,IMUX46
Bram,13,3,RMUX57,Bram,13,1,RMUX35
Bram,13,3,RMUX57,Bram,13,2,RMUX35
Bram,13,3,RMUX58,Bram,13,3,IMUX00
Bram,13,3,RMUX58,Bram,13,3,IMUX46
Bram,13,3,RMUX58,Bram,13,3,IMUX52
Bram,13,3,RMUX59,Bram,13,3,IMUX01
Bram,13,3,RMUX59,Bram,13,3,IMUX15
Bram,13,3,RMUX59,Bram,13,3,IMUX35
Bram,13,3,RMUX59,Bram,13,3,IMUX43
Bram,13,3,RMUX60,Bram,13,3,IMUX37
Bram,13,3,RMUX60,Bram,13,3,IMUX45
Bram,13,3,RMUX61,Logic,14,3,RMUX55
Bram,13,3,RMUX62,Bram,13,4,RMUX61
Bram,13,3,RMUX63,Logic,12,3,RMUX68
Bram,13,3,RMUX64,Bram,13,3,IMUX02
Bram,13,3,RMUX64,Bram,13,3,IMUX10
Bram,13,3,RMUX64,Bram,13,3,IMUX26
Bram,13,3,RMUX64,Bram,13,3,IMUX56
Bram,13,3,RMUX65,Bram,13,3,IMUX05
Bram,13,3,RMUX65,Bram,13,3,IMUX43
Bram,13,3,RMUX65,Bram,13,3,IMUX49
Bram,13,3,RMUX65,Bram,13,3,IMUX61
Bram,13,3,RMUX66,Bram,13,3,IMUX37
Bram,13,3,RMUX66,Bram,13,3,IMUX47
Bram,13,3,RMUX67,Bram,13,1,RMUX78
Bram,13,3,RMUX67,Bram,13,2,RMUX72
Bram,13,3,RMUX67,Bram,13,2,RMUX95
Bram,13,3,RMUX68,Logic,14,3,RMUX81
Bram,13,3,RMUX68,Logic,14,3,RMUX85
Bram,13,3,RMUX69,Bram,13,4,RMUX83
Bram,13,3,RMUX70,Bram,13,3,IMUX16
Bram,13,3,RMUX70,Bram,13,3,IMUX30
Bram,13,3,RMUX70,Bram,13,3,IMUX42
Bram,13,3,RMUX71,Bram,13,3,IMUX47
Bram,13,3,RMUX71,Bram,13,3,IMUX55
Bram,13,3,RMUX71,Bram,13,3,IMUX59
Bram,13,3,RMUX71,Bram,13,3,IMUX61
Bram,13,3,RMUX73,Bram,13,1,RMUX00
Bram,13,3,RMUX73,Bram,13,1,RMUX17
Bram,13,3,RMUX73,Bram,13,1,RMUX22
Bram,13,3,RMUX74,Logic,14,3,RMUX02
Bram,13,3,RMUX74,Logic,14,3,RMUX09
Bram,13,3,RMUX75,Bram,13,4,RMUX05
Bram,13,3,RMUX75,Bram,13,4,RMUX11
Bram,13,3,RMUX76,Bram,13,3,IMUX00
Bram,13,3,RMUX76,Bram,13,3,IMUX18
Bram,13,3,RMUX76,Bram,13,3,IMUX62
Bram,13,3,RMUX77,Bram,13,3,IMUX55
Bram,13,3,RMUX77,Bram,13,3,IMUX59
Bram,13,3,RMUX78,Bram,13,3,IMUX50
Bram,13,3,RMUX78,Bram,13,3,IMUX56
Bram,13,3,RMUX81,Logic,14,3,RMUX39
Bram,13,3,RMUX82,Bram,13,3,IMUX18
Bram,13,3,RMUX82,Bram,13,3,IMUX44
Bram,13,3,RMUX82,Bram,13,3,IMUX54
Bram,13,3,RMUX82,Bram,13,3,IMUX62
Bram,13,3,RMUX83,Bram,13,3,IMUX27
Bram,13,3,RMUX83,Bram,13,3,IMUX63
Bram,13,3,RMUX84,Bram,13,3,IMUX49
Bram,13,3,RMUX84,Bram,13,3,IMUX57
Bram,13,3,RMUX87,Bram,13,1,RMUX53
Bram,13,3,RMUX87,Bram,13,2,RMUX62
Bram,13,3,RMUX88,Bram,13,3,IMUX08
Bram,13,3,RMUX88,Bram,13,3,IMUX22
Bram,13,3,RMUX88,Bram,13,3,IMUX32
Bram,13,3,RMUX88,Bram,13,3,IMUX40
Bram,13,3,RMUX89,Bram,13,3,IMUX09
Bram,13,3,RMUX89,Bram,13,3,IMUX31
Bram,13,3,RMUX89,Bram,13,3,IMUX33
Bram,13,3,RMUX90,Bram,13,3,IMUX49
Bram,13,3,RMUX90,Bram,13,3,IMUX51
Bram,13,3,RMUX90,Bram,13,3,IMUX57
Bram,13,3,RMUX90,Logic,12,3,IMUX15
Bram,13,3,RMUX94,Bram,13,3,IMUX08
Bram,13,3,RMUX94,Bram,13,3,IMUX10
Bram,13,3,RMUX94,Bram,13,3,IMUX22
Bram,13,3,RMUX94,Bram,13,3,IMUX28
Bram,13,3,RMUX94,Bram,13,3,IMUX40
Bram,13,3,RMUX95,Bram,13,3,IMUX31
Bram,13,3,SeamMUX00,Bram,13,3,TileClkMUX00
Bram,13,3,SeamMUX01,Bram,13,3,TileClkMUX01
Bram,13,3,TMUX00,Bram,13,3,KMUX00
Bram,13,3,TMUX00,Bram,13,3,KMUX05
Bram,13,3,TMUX01,Bram,13,3,KMUX08
Bram,13,3,TMUX01,Bram,13,3,KMUX09
Bram,13,3,TMUX02,Bram,13,3,KMUX07
Bram,13,3,TMUX03,Bram,13,3,KMUX00
Bram,13,3,TMUX03,Bram,13,3,KMUX02
Bram,13,3,TMUX04,Bram,13,3,KMUX03
Bram,13,3,TMUX05,Bram,13,3,KMUX04
Bram,13,3,TMUX05,Bram,13,3,KMUX05
Bram,13,3,TMUX05,Bram,13,3,KMUX07
Bram,13,3,TMUX06,Bram,13,3,KMUX01
Bram,13,3,TMUX06,Bram,13,3,KMUX03
Bram,13,3,TMUX06,Bram,13,3,KMUX05
Bram,13,3,TMUX07,Bram,13,3,KMUX09
Bram,13,3,TMUX08,Bram,13,3,KMUX00
Bram,13,3,TMUX08,Bram,13,3,KMUX02
Bram,13,3,TMUX08,Bram,13,3,KMUX07
Bram,13,3,TMUX09,Bram,13,3,KMUX03
Bram,13,3,TMUX09,Bram,13,3,KMUX05
Bram,13,3,TMUX09,Bram,13,3,KMUX08
Bram,13,3,TMUX09,Bram,13,3,KMUX09
Bram,13,3,TMUX10,Bram,13,3,KMUX01
Bram,13,3,TMUX10,Bram,13,3,KMUX04
Bram,13,3,TMUX11,Bram,13,3,KMUX04
Bram,13,3,TMUX11,Bram,13,3,KMUX07
Bram,13,3,TMUX12,Bram,13,3,KMUX04
Bram,13,3,TMUX12,Bram,13,3,KMUX08
Bram,13,3,TMUX12,Bram,13,3,KMUX09
Bram,13,3,TMUX13,Bram,13,3,KMUX00
Bram,13,3,TMUX13,Bram,13,3,KMUX02
Bram,13,3,TMUX13,Bram,13,3,KMUX03
Bram,13,3,TMUX15,Bram,13,3,KMUX01
Bram,13,3,TMUX15,Bram,13,3,KMUX04
Bram,13,4,BufMUX00,Logic,14,4,RMUX09
Bram,13,4,BufMUX01,Logic,14,4,RMUX11
Bram,13,4,BufMUX02,Logic,14,4,RMUX08
Bram,13,4,BufMUX03,Logic,14,4,RMUX02
Bram,13,4,BufMUX04,Logic,14,4,RMUX25
Bram,13,4,BufMUX05,Logic,14,4,RMUX35
Bram,13,4,BufMUX06,Logic,14,4,RMUX39
Bram,13,4,BufMUX07,Logic,14,4,RMUX32
Bram,13,4,BufMUX08,Logic,14,4,RMUX59
Bram,13,4,BufMUX09,Logic,14,4,RMUX55
Bram,13,4,BufMUX10,Logic,14,4,RMUX69
Bram,13,4,BufMUX11,Logic,14,4,RMUX65
Bram,13,4,BufMUX12,Logic,14,4,RMUX92
Bram,13,4,BufMUX13,Logic,14,4,RMUX75
Bram,13,4,BufMUX14,Logic,14,4,RMUX85
Bram,13,4,BufMUX15,Logic,14,4,RMUX74
Bram,13,4,BufMUX16,Bram,13,4,RMUX08
Bram,13,4,BufMUX17,Bram,13,4,RMUX15
Bram,13,4,BufMUX18,Bram,13,4,RMUX20
Bram,13,4,BufMUX19,Bram,13,4,RMUX03
Bram,13,4,BufMUX20,Bram,13,4,RMUX45
Bram,13,4,BufMUX21,Bram,13,4,RMUX26
Bram,13,4,BufMUX22,Bram,13,4,RMUX38
Bram,13,4,BufMUX23,Bram,13,4,RMUX31
Bram,13,4,BufMUX24,Bram,13,4,RMUX56
Bram,13,4,BufMUX25,Bram,13,4,RMUX63
Bram,13,4,BufMUX26,Bram,13,4,RMUX66
Bram,13,4,BufMUX27,Bram,13,4,RMUX51
Bram,13,4,BufMUX28,Bram,13,4,RMUX74
Bram,13,4,BufMUX29,Bram,13,4,RMUX74
Bram,13,4,BufMUX30,Bram,13,4,RMUX81
Bram,13,4,BufMUX31,Bram,13,4,RMUX75
Bram,13,4,BufMUX32,Bram,13,4,RMUX08
Bram,13,4,BufMUX33,Bram,13,4,RMUX31
Bram,13,4,BufMUX34,Bram,13,4,RMUX68
Bram,13,4,BufMUX35,Bram,13,4,RMUX91
Bram,13,4,CtrlMUX01,Bram,13,4,TileAsyncMUX01
Bram,13,4,CtrlMUX02,Bram,13,4,TileClkEnMUX00
Bram,13,4,CtrlMUX03,Bram,13,4,TileClkEnMUX00
Bram,13,4,IMUX31,Bram,13,4,TileClkEnMUX01
Bram,13,4,IMUX32,Bram,13,4,TileAsyncMUX00
Bram,13,4,RMUX03,Logic,12,4,RMUX15
Bram,13,4,RMUX03,Logic,12,4,RMUX20
Bram,13,4,RMUX04,Bram,13,4,IMUX16
Bram,13,4,RMUX04,Bram,13,4,IMUX18
Bram,13,4,RMUX04,Bram,13,4,IMUX46
Bram,13,4,RMUX04,Bram,13,4,IMUX54
Bram,13,4,RMUX04,Bram,13,4,IMUX62
Bram,13,4,RMUX05,Bram,13,4,IMUX41
Bram,13,4,RMUX05,Bram,13,4,IMUX43
Bram,13,4,RMUX07,Bram,13,1,RMUX40
Bram,13,4,RMUX07,Bram,13,1,RMUX41
Bram,13,4,RMUX07,Bram,13,3,TMUX04
Bram,13,4,RMUX08,Logic,14,4,RMUX32
Bram,13,4,RMUX09,Bram,13,1,RMUX35
Bram,13,4,RMUX09,Bram,13,4,RMUX28
Bram,13,4,RMUX10,Bram,13,4,CtrlMUX02
Bram,13,4,RMUX10,Bram,13,4,IMUX00
Bram,13,4,RMUX10,Bram,13,4,IMUX10
Bram,13,4,RMUX10,Bram,13,4,IMUX34
Bram,13,4,RMUX10,Bram,13,4,IMUX42
Bram,13,4,RMUX11,Bram,13,4,IMUX09
Bram,13,4,RMUX11,Bram,13,4,IMUX13
Bram,13,4,RMUX11,Bram,13,4,IMUX31
Bram,13,4,RMUX11,Bram,13,4,IMUX43
Bram,13,4,RMUX12,Bram,13,4,IMUX01
Bram,13,4,RMUX14,Bram,13,1,TMUX10
Bram,13,4,RMUX14,Bram,13,2,TMUX10
Bram,13,4,RMUX15,Logic,14,4,RMUX69
Bram,13,4,RMUX15,Logic,15,4,RMUX62
Bram,13,4,RMUX16,Bram,13,4,IMUX08
Bram,13,4,RMUX16,Bram,13,4,IMUX40
Bram,13,4,RMUX16,Bram,13,4,IMUX48
Bram,13,4,RMUX17,Bram,13,4,IMUX33
Bram,13,4,RMUX17,Bram,13,4,IMUX41
Bram,13,4,RMUX18,Bram,13,4,IMUX15
Bram,13,4,RMUX18,Logic,12,4,IMUX43
Bram,13,4,RMUX19,Bram,13,1,RMUX72
Bram,13,4,RMUX19,Bram,13,1,RMUX78
Bram,13,4,RMUX19,Bram,13,2,RMUX89
Bram,13,4,RMUX20,Logic,12,4,RMUX74
Bram,13,4,RMUX21,Bram,13,1,RMUX76
Bram,13,4,RMUX21,Bram,13,1,RMUX82
Bram,13,4,RMUX21,Bram,13,1,TMUX15
Bram,13,4,RMUX22,Bram,13,4,IMUX48
Bram,13,4,RMUX22,Bram,13,4,IMUX50
Bram,13,4,RMUX23,Bram,13,4,IMUX33
Bram,13,4,RMUX23,Bram,13,4,IMUX49
Bram,13,4,RMUX23,Bram,13,4,IMUX59
Bram,13,4,RMUX23,Bram,13,4,IMUX63
Bram,13,4,RMUX25,Bram,13,1,RMUX17
Bram,13,4,RMUX25,Bram,13,1,RMUX22
Bram,13,4,RMUX26,Logic,12,4,RMUX08
Bram,13,4,RMUX27,Bram,13,2,TMUX03
Bram,13,4,RMUX28,Bram,13,4,IMUX00
Bram,13,4,RMUX28,Bram,13,4,IMUX44
Bram,13,4,RMUX28,Bram,13,4,IMUX60
Bram,13,4,RMUX29,Bram,13,4,IMUX45
Bram,13,4,RMUX29,Bram,13,4,IMUX49
Bram,13,4,RMUX30,Bram,13,4,IMUX16
Bram,13,4,RMUX30,Bram,13,4,IMUX26
Bram,13,4,RMUX31,Logic,14,4,RMUX25
Bram,13,4,RMUX34,Bram,13,4,IMUX10
Bram,13,4,RMUX34,Bram,13,4,IMUX40
Bram,13,4,RMUX35,Bram,13,4,IMUX33
Bram,13,4,RMUX35,Bram,13,4,IMUX47
Bram,13,4,RMUX35,Bram,13,4,IMUX57
Bram,13,4,RMUX36,Bram,13,4,IMUX17
Bram,13,4,RMUX36,Bram,13,4,IMUX19
Bram,13,4,RMUX36,Bram,13,4,IMUX27
Bram,13,4,RMUX36,Bram,13,4,IMUX31
Bram,13,4,RMUX37,Bram,13,1,RMUX70
Bram,13,4,RMUX37,Bram,13,1,TMUX08
Bram,13,4,RMUX37,Bram,13,3,TMUX08
Bram,13,4,RMUX38,Logic,17,4,RMUX56
Bram,13,4,RMUX39,Bram,13,1,RMUX58
Bram,13,4,RMUX40,Bram,13,4,IMUX34
Bram,13,4,RMUX40,Bram,13,4,IMUX52
Bram,13,4,RMUX41,Bram,13,4,CtrlMUX03
Bram,13,4,RMUX41,Bram,13,4,IMUX01
Bram,13,4,RMUX41,Bram,13,4,IMUX47
Bram,13,4,RMUX41,Bram,13,4,IMUX51
Bram,13,4,RMUX42,Bram,13,4,IMUX17
Bram,13,4,RMUX42,Bram,13,4,IMUX31
Bram,13,4,RMUX44,Bram,13,3,RMUX81
Bram,13,4,RMUX45,Logic,14,4,RMUX92
Bram,13,4,RMUX46,Bram,13,4,IMUX02
Bram,13,4,RMUX46,Bram,13,4,IMUX42
Bram,13,4,RMUX46,Bram,13,4,IMUX54
Bram,13,4,RMUX47,Bram,13,4,IMUX01
Bram,13,4,RMUX47,Bram,13,4,IMUX47
Bram,13,4,RMUX48,Bram,13,4,IMUX42
Bram,13,4,RMUX48,Bram,13,4,IMUX46
Bram,13,4,RMUX50,Bram,13,3,TMUX02
Bram,13,4,RMUX51,Logic,14,4,RMUX15
Bram,13,4,RMUX52,Bram,13,4,CtrlMUX02
Bram,13,4,RMUX52,Bram,13,4,IMUX08
Bram,13,4,RMUX52,Bram,13,4,IMUX50
Bram,13,4,RMUX52,Bram,13,4,IMUX62
Bram,13,4,RMUX53,Bram,13,4,IMUX35
Bram,13,4,RMUX53,Bram,13,4,IMUX55
Bram,13,4,RMUX54,Bram,13,4,IMUX42
Bram,13,4,RMUX55,Bram,13,1,RMUX30
Bram,13,4,RMUX55,Bram,13,1,RMUX41
Bram,13,4,RMUX55,Bram,13,1,RMUX46
Bram,13,4,RMUX56,Logic,12,4,RMUX26
Bram,13,4,RMUX57,Bram,13,1,RMUX35
Bram,13,4,RMUX57,Bram,13,2,RMUX29
Bram,13,4,RMUX57,Bram,13,2,RMUX35
Bram,13,4,RMUX58,Bram,13,4,IMUX08
Bram,13,4,RMUX58,Bram,13,4,IMUX38
Bram,13,4,RMUX58,Bram,13,4,IMUX58
Bram,13,4,RMUX59,Bram,13,4,IMUX43
Bram,13,4,RMUX59,Bram,13,4,IMUX55
Bram,13,4,RMUX60,Bram,13,4,IMUX35
Bram,13,4,RMUX60,Bram,13,4,IMUX45
Bram,13,4,RMUX61,Logic,14,4,RMUX55
Bram,13,4,RMUX62,Bram,13,1,RMUX66
Bram,13,4,RMUX62,Bram,13,1,TMUX10
Bram,13,4,RMUX63,Logic,11,4,RMUX68
Bram,13,4,RMUX64,Bram,13,4,IMUX30
Bram,13,4,RMUX64,Bram,13,4,IMUX52
Bram,13,4,RMUX64,Bram,13,4,IMUX54
Bram,13,4,RMUX65,Bram,13,4,IMUX01
Bram,13,4,RMUX65,Bram,13,4,IMUX31
Bram,13,4,RMUX65,Bram,13,4,IMUX49
Bram,13,4,RMUX65,Bram,13,4,IMUX51
Bram,13,4,RMUX66,Bram,13,4,IMUX35
Bram,13,4,RMUX66,Bram,13,4,IMUX37
Bram,13,4,RMUX66,Bram,13,4,IMUX45
Bram,13,4,RMUX66,Logic,12,4,IMUX59
Bram,13,4,RMUX68,Logic,14,4,RMUX85
Bram,13,4,RMUX68,Logic,16,4,RMUX75
Bram,13,4,RMUX69,Bram,13,1,RMUX77
Bram,13,4,RMUX69,Bram,13,1,RMUX83
Bram,13,4,RMUX70,Bram,13,4,IMUX02
Bram,13,4,RMUX70,Bram,13,4,IMUX26
Bram,13,4,RMUX70,Bram,13,4,IMUX30
Bram,13,4,RMUX70,Bram,13,4,IMUX34
Bram,13,4,RMUX70,Bram,13,4,IMUX46
Bram,13,4,RMUX71,Bram,13,4,IMUX43
Bram,13,4,RMUX71,Bram,13,4,IMUX47
Bram,13,4,RMUX72,Bram,13,4,IMUX56
Bram,13,4,RMUX72,Bram,13,4,IMUX60
Bram,13,4,RMUX73,Bram,13,1,RMUX00
Bram,13,4,RMUX73,Bram,13,2,RMUX06
Bram,13,4,RMUX73,Bram,13,2,RMUX22
Bram,13,4,RMUX73,Bram,13,2,TMUX00
Bram,13,4,RMUX74,Logic,14,4,RMUX09
Bram,13,4,RMUX75,Bram,13,1,RMUX05
Bram,13,4,RMUX75,Bram,13,1,RMUX11
Bram,13,4,RMUX75,Bram,13,4,RMUX15
Bram,13,4,RMUX76,Bram,13,4,IMUX00
Bram,13,4,RMUX76,Bram,13,4,IMUX36
Bram,13,4,RMUX76,Bram,13,4,IMUX44
Bram,13,4,RMUX76,Bram,13,4,IMUX62
Bram,13,4,RMUX77,Bram,13,4,IMUX27
Bram,13,4,RMUX77,Bram,13,4,IMUX35
Bram,13,4,RMUX77,Bram,13,4,IMUX55
Bram,13,4,RMUX77,Bram,13,4,IMUX63
Bram,13,4,RMUX78,Bram,13,4,IMUX48
Bram,13,4,RMUX78,Bram,13,4,IMUX50
Bram,13,4,RMUX78,Bram,13,4,IMUX60
Bram,13,4,RMUX80,Bram,13,1,RMUX36
Bram,13,4,RMUX80,Bram,13,1,TMUX06
Bram,13,4,RMUX80,Bram,13,2,TMUX06
Bram,13,4,RMUX80,Bram,13,3,TMUX06
Bram,13,4,RMUX81,Logic,14,4,RMUX39
Bram,13,4,RMUX82,Bram,13,4,IMUX36
Bram,13,4,RMUX82,Bram,13,4,IMUX56
Bram,13,4,RMUX82,Bram,13,4,IMUX62
Bram,13,4,RMUX83,Bram,13,4,IMUX19
Bram,13,4,RMUX83,Bram,13,4,IMUX35
Bram,13,4,RMUX83,Bram,13,4,IMUX45
Bram,13,4,RMUX83,Bram,13,4,IMUX63
Bram,13,4,RMUX84,Bram,13,4,IMUX59
Bram,13,4,RMUX84,Bram,13,4,IMUX61
Bram,13,4,RMUX85,Bram,13,1,RMUX65
Bram,13,4,RMUX85,Bram,13,1,RMUX71
Bram,13,4,RMUX88,Bram,13,4,IMUX00
Bram,13,4,RMUX88,Bram,13,4,IMUX06
Bram,13,4,RMUX88,Bram,13,4,IMUX10
Bram,13,4,RMUX88,Bram,13,4,IMUX22
Bram,13,4,RMUX89,Bram,13,4,IMUX07
Bram,13,4,RMUX89,Bram,13,4,IMUX23
Bram,13,4,RMUX89,Bram,13,4,IMUX57
Bram,13,4,RMUX90,Bram,13,4,IMUX49
Bram,13,4,RMUX90,Bram,13,4,IMUX59
Bram,13,4,RMUX90,Bram,13,4,IMUX61
Bram,13,4,RMUX91,Logic,14,4,RMUX95
Bram,13,4,RMUX94,Bram,13,4,IMUX06
Bram,13,4,RMUX94,Bram,13,4,IMUX46
Bram,13,4,RMUX95,Bram,13,4,IMUX07
Bram,13,4,RMUX95,Bram,13,4,IMUX33
Bram,13,4,RMUX95,Bram,13,4,IMUX57
Bram,13,4,SeamMUX00,Bram,13,4,TileClkMUX00
Bram,13,4,SeamMUX01,Bram,13,4,TileClkMUX01
Bram,13,4,TMUX00,Bram,13,4,KMUX03
Bram,13,4,TMUX00,Bram,13,4,KMUX05
Bram,13,4,TMUX01,Bram,13,4,KMUX04
Bram,13,4,TMUX01,Bram,13,4,KMUX07
Bram,13,4,TMUX01,Bram,13,4,KMUX08
Bram,13,4,TMUX01,Bram,13,4,KMUX09
Bram,13,4,TMUX03,Bram,13,4,KMUX01
Bram,13,4,TMUX03,Bram,13,4,KMUX08
Bram,13,4,TMUX03,Bram,13,4,KMUX09
Bram,13,4,TMUX04,Bram,13,4,KMUX03
Bram,13,4,TMUX04,Bram,13,4,KMUX09
Bram,13,4,TMUX05,Bram,13,4,KMUX00
Bram,13,4,TMUX05,Bram,13,4,KMUX02
Bram,13,4,TMUX05,Bram,13,4,KMUX05
Bram,13,4,TMUX07,Bram,13,4,KMUX00
Bram,13,4,TMUX07,Bram,13,4,KMUX02
Bram,13,4,TMUX07,Bram,13,4,KMUX09
Bram,13,4,TMUX08,Bram,13,4,KMUX04
Bram,13,4,TMUX09,Bram,13,4,KMUX00
Bram,13,4,TMUX09,Bram,13,4,KMUX07
Bram,13,4,TMUX09,Bram,13,4,KMUX09
Bram,13,4,TMUX11,Bram,13,4,KMUX01
Bram,13,4,TMUX11,Bram,13,4,KMUX08
Bram,13,4,TMUX12,Bram,13,4,KMUX00
Bram,13,4,TMUX12,Bram,13,4,KMUX02
Bram,13,4,TMUX13,Bram,13,4,KMUX01
Bram,13,4,TMUX13,Bram,13,4,KMUX03
Bram,13,4,TMUX13,Bram,13,4,KMUX05
Bram,13,4,TMUX15,Bram,13,4,KMUX07
BramTILE,13,2,RMUX08,LogicTILE,14,2,RMUX32
BramTILE,13,3,RMUX08,LogicTILE,14,3,RMUX32
BramTILE,13,3,RMUX15,LogicTILE,15,3,RMUX62
BramTILE,13,3,RMUX33,LogicTILE,12,3,RMUX45
BramTILE,13,3,RMUX68,LogicTILE,15,3,RMUX75
BramTILE,13,3,RMUX74,LogicTILE,14,3,RMUX02
BramTILE,13,3,RMUX74,LogicTILE,14,3,RMUX09
BramTILE,13,3,RMUX81,LogicTILE,14,3,RMUX39
BramTILE,13,4,BufMUX00,LogicTILE,14,4,RMUX09
BramTILE,13,4,BufMUX01,LogicTILE,14,4,RMUX20
BramTILE,13,4,BufMUX02,LogicTILE,14,4,RMUX02
BramTILE,13,4,BufMUX03,LogicTILE,14,4,RMUX08
BramTILE,13,4,BufMUX03,LogicTILE,14,4,RMUX19
BramTILE,13,4,BufMUX04,LogicTILE,14,4,RMUX25
BramTILE,13,4,BufMUX04,LogicTILE,14,4,RMUX38
BramTILE,13,4,BufMUX05,LogicTILE,14,4,RMUX25
BramTILE,13,4,BufMUX05,LogicTILE,14,4,RMUX38
BramTILE,13,4,BufMUX06,LogicTILE,14,4,RMUX39
BramTILE,13,4,BufMUX07,LogicTILE,14,4,RMUX32
BramTILE,13,4,BufMUX07,LogicTILE,14,4,RMUX45
BramTILE,13,4,BufMUX08,LogicTILE,14,4,RMUX62
BramTILE,13,4,BufMUX09,LogicTILE,14,4,RMUX55
BramTILE,13,4,BufMUX10,LogicTILE,14,4,RMUX69
BramTILE,13,4,BufMUX11,LogicTILE,14,4,RMUX71
BramTILE,13,4,BufMUX12,LogicTILE,14,4,RMUX75
BramTILE,13,4,BufMUX12,LogicTILE,14,4,RMUX92
BramTILE,13,4,BufMUX13,LogicTILE,14,4,RMUX92
BramTILE,13,4,BufMUX14,LogicTILE,14,4,RMUX80
BramTILE,13,4,BufMUX15,LogicTILE,14,4,RMUX74
BramTILE,13,4,BufMUX16,BramTILE,13,4,RMUX08
BramTILE,13,4,BufMUX16,BramTILE,13,4,RMUX15
BramTILE,13,4,BufMUX17,BramTILE,13,4,RMUX02
BramTILE,13,4,BufMUX17,BramTILE,13,4,RMUX08
BramTILE,13,4,BufMUX17,BramTILE,13,4,RMUX15
BramTILE,13,4,BufMUX18,BramTILE,13,4,RMUX03
BramTILE,13,4,BufMUX18,BramTILE,13,4,RMUX20
BramTILE,13,4,BufMUX19,BramTILE,13,4,RMUX03
BramTILE,13,4,BufMUX19,BramTILE,13,4,RMUX20
BramTILE,13,4,BufMUX20,BramTILE,13,4,RMUX26
BramTILE,13,4,BufMUX20,BramTILE,13,4,RMUX45
BramTILE,13,4,BufMUX21,BramTILE,13,4,RMUX26
BramTILE,13,4,BufMUX21,BramTILE,13,4,RMUX45
BramTILE,13,4,BufMUX22,BramTILE,13,4,RMUX31
BramTILE,13,4,BufMUX22,BramTILE,13,4,RMUX38
BramTILE,13,4,BufMUX22,BramTILE,13,4,RMUX44
BramTILE,13,4,BufMUX23,BramTILE,13,4,RMUX31
BramTILE,13,4,BufMUX23,BramTILE,13,4,RMUX38
BramTILE,13,4,BufMUX24,BramTILE,13,4,RMUX50
BramTILE,13,4,BufMUX25,BramTILE,13,4,RMUX61
BramTILE,13,4,BufMUX26,BramTILE,13,4,RMUX68
BramTILE,13,4,BufMUX27,BramTILE,13,4,RMUX51
BramTILE,13,4,BufMUX28,BramTILE,13,4,RMUX74
BramTILE,13,4,BufMUX28,BramTILE,13,4,RMUX80
BramTILE,13,4,BufMUX29,BramTILE,13,4,RMUX74
BramTILE,13,4,BufMUX29,BramTILE,13,4,RMUX80
BramTILE,13,4,BufMUX29,BramTILE,13,4,RMUX87
BramTILE,13,4,BufMUX29,BramTILE,13,4,RMUX91
BramTILE,13,4,BufMUX30,BramTILE,13,4,RMUX81
BramTILE,13,4,BufMUX31,BramTILE,13,4,RMUX92
BramTILE,13,4,BufMUX32,BramTILE,13,4,RMUX08
BramTILE,13,4,BufMUX33,BramTILE,13,4,RMUX44
BramTILE,13,4,BufMUX34,BramTILE,13,4,RMUX63
BramTILE,13,4,BufMUX35,BramTILE,13,4,RMUX75
BramTILE,13,4,BufMUX35,BramTILE,13,4,RMUX86
BramTILE,13,4,BufMUX35,BramTILE,13,4,RMUX87
BramTILE,13,4,CtrlMUX01,BramTILE,13,4,TileAsyncMUX01
BramTILE,13,4,CtrlMUX02,BramTILE,13,4,TileClkEnMUX00
BramTILE,13,4,IMUX00,BramTILE,13,4,IMUX11
BramTILE,13,4,IMUX01,BramTILE,13,4,IMUX00
BramTILE,13,4,IMUX02,BramTILE,13,4,RMUX05
BramTILE,13,4,IMUX02,BramTILE,13,4,RMUX23
BramTILE,13,4,IMUX02,BramTILE,13,4,RMUX29
BramTILE,13,4,IMUX02,BramTILE,13,4,RMUX83
BramTILE,13,4,IMUX02,LogicTILE,14,4,RMUX54
BramTILE,13,4,IMUX03,BramTILE,13,4,IMUX30
BramTILE,13,4,IMUX03,BramTILE,13,4,RMUX16
BramTILE,13,4,IMUX04,BramTILE,13,4,IMUX03
BramTILE,13,4,IMUX05,BramTILE,13,4,IMUX04
BramTILE,13,4,IMUX06,BramTILE,13,4,IMUX05
BramTILE,13,4,IMUX07,BramTILE,13,4,IMUX06
BramTILE,13,4,IMUX08,BramTILE,13,4,IMUX07
BramTILE,13,4,IMUX09,BramTILE,13,4,IMUX08
BramTILE,13,4,IMUX10,BramTILE,13,4,IMUX09
BramTILE,13,4,IMUX10,BramTILE,13,4,IMUX20
BramTILE,13,4,IMUX11,BramTILE,13,4,IMUX10
BramTILE,13,4,IMUX11,BramTILE,13,4,IMUX20
BramTILE,13,4,IMUX12,BramTILE,13,4,IMUX02
BramTILE,13,4,IMUX12,BramTILE,13,4,RMUX83
BramTILE,13,4,IMUX13,BramTILE,13,4,IMUX28
BramTILE,13,4,IMUX13,BramTILE,13,4,IMUX29
BramTILE,13,4,IMUX14,BramTILE,13,4,IMUX13
BramTILE,13,4,IMUX15,BramTILE,13,4,IMUX14
BramTILE,13,4,IMUX16,BramTILE,13,4,IMUX15
BramTILE,13,4,IMUX17,BramTILE,13,4,IMUX16
BramTILE,13,4,IMUX18,BramTILE,13,4,IMUX17
BramTILE,13,4,IMUX19,BramTILE,13,4,IMUX18
BramTILE,13,4,IMUX20,BramTILE,13,4,IMUX19
BramTILE,13,4,IMUX21,BramTILE,13,4,IMUX33
BramTILE,13,4,IMUX21,LogicTILE,14,4,RMUX49
BramTILE,13,4,IMUX22,BramTILE,13,4,IMUX21
BramTILE,13,4,IMUX23,BramTILE,13,4,IMUX22
BramTILE,13,4,IMUX24,BramTILE,13,4,IMUX23
BramTILE,13,4,IMUX25,BramTILE,13,4,IMUX24
BramTILE,13,4,IMUX26,BramTILE,13,4,IMUX25
BramTILE,13,4,IMUX27,BramTILE,13,4,IMUX26
BramTILE,13,4,IMUX28,BramTILE,13,4,IMUX27
BramTILE,13,4,IMUX29,BramTILE,13,4,IMUX28
BramTILE,13,4,IMUX29,LogicTILE,14,10,RMUX04
BramTILE,13,4,IMUX30,BramTILE,13,4,IMUX20
BramTILE,13,4,IMUX30,LogicTILE,14,10,RMUX40
BramTILE,13,4,IMUX30,LogicTILE,14,10,RMUX46
BramTILE,13,4,IMUX31,BramTILE,13,4,TileClkEnMUX01
BramTILE,13,4,IMUX32,BramTILE,13,4,TileAsyncMUX00
BramTILE,13,4,IMUX32,BramTILE,13,4,TileClkEnMUX01
BramTILE,13,4,IMUX33,BramTILE,13,4,IMUX43
BramTILE,13,4,IMUX34,BramTILE,13,4,IMUX35
BramTILE,13,4,IMUX35,BramTILE,13,4,IMUX36
BramTILE,13,4,IMUX36,BramTILE,13,4,IMUX37
BramTILE,13,4,IMUX37,BramTILE,13,4,IMUX38
BramTILE,13,4,IMUX38,BramTILE,13,4,IMUX39
BramTILE,13,4,IMUX39,BramTILE,13,4,IMUX40
BramTILE,13,4,IMUX40,BramTILE,13,4,IMUX41
BramTILE,13,4,IMUX41,BramTILE,13,4,IMUX42
BramTILE,13,4,IMUX43,BramTILE,13,4,IMUX44
BramTILE,13,4,IMUX43,BramTILE,13,4,RMUX16
BramTILE,13,4,IMUX44,BramTILE,13,4,IMUX45
BramTILE,13,4,IMUX45,BramTILE,13,4,IMUX46
BramTILE,13,4,IMUX46,BramTILE,13,4,IMUX47
BramTILE,13,4,IMUX47,BramTILE,13,4,IMUX48
BramTILE,13,4,IMUX48,BramTILE,13,4,IMUX49
BramTILE,13,4,IMUX49,BramTILE,13,4,IMUX50
BramTILE,13,4,IMUX50,BramTILE,13,4,IMUX34
BramTILE,13,4,IMUX51,BramTILE,13,4,IMUX61
BramTILE,13,4,IMUX52,BramTILE,13,4,IMUX53
BramTILE,13,4,IMUX53,BramTILE,13,4,IMUX54
BramTILE,13,4,IMUX53,LogicTILE,14,4,RMUX72
BramTILE,13,4,IMUX54,BramTILE,13,4,IMUX55
BramTILE,13,4,IMUX55,BramTILE,13,4,IMUX56
BramTILE,13,4,IMUX56,BramTILE,13,4,IMUX57
BramTILE,13,4,IMUX57,BramTILE,13,4,IMUX58
BramTILE,13,4,IMUX58,BramTILE,13,4,IMUX59
BramTILE,13,4,IMUX59,BramTILE,13,4,IMUX60
BramTILE,13,4,IMUX60,BramTILE,13,4,IMUX30
BramTILE,13,4,IMUX60,BramTILE,13,4,IMUX33
BramTILE,13,4,IMUX61,BramTILE,13,4,RMUX82
BramTILE,13,4,IMUX61,LogicTILE,11,4,RMUX61
BramTILE,13,4,IMUX62,BramTILE,13,4,IMUX63
BramTILE,13,4,IMUX63,BramTILE,13,4,IMUX52
BramTILE,13,4,KMUX03,UFMTILE,13,12,InputMUX09
BramTILE,13,4,RMUX02,BramTILE,13,2,RMUX08
BramTILE,13,4,RMUX03,LogicTILE,12,4,RMUX15
BramTILE,13,4,RMUX03,LogicTILE,12,4,RMUX20
BramTILE,13,4,RMUX04,BramTILE,13,4,IMUX22
BramTILE,13,4,RMUX05,BramTILE,13,4,IMUX01
BramTILE,13,4,RMUX05,BramTILE,13,4,IMUX29
BramTILE,13,4,RMUX06,BramTILE,13,4,IMUX02
BramTILE,13,4,RMUX06,BramTILE,13,4,IMUX12
BramTILE,13,4,RMUX08,LogicTILE,14,4,RMUX32
BramTILE,13,4,RMUX08,LogicTILE,17,4,RMUX32
BramTILE,13,4,RMUX10,BramTILE,13,4,IMUX00
BramTILE,13,4,RMUX10,BramTILE,13,4,IMUX12
BramTILE,13,4,RMUX11,BramTILE,13,4,IMUX05
BramTILE,13,4,RMUX11,BramTILE,13,4,IMUX33
BramTILE,13,4,RMUX12,BramTILE,13,4,IMUX03
BramTILE,13,4,RMUX12,BramTILE,13,4,IMUX05
BramTILE,13,4,RMUX15,LogicTILE,14,4,RMUX69
BramTILE,13,4,RMUX15,LogicTILE,15,4,RMUX62
BramTILE,13,4,RMUX15,LogicTILE,16,4,RMUX62
BramTILE,13,4,RMUX16,BramTILE,13,4,IMUX30
BramTILE,13,4,RMUX16,BramTILE,13,4,IMUX44
BramTILE,13,4,RMUX16,BramTILE,13,4,IMUX48
BramTILE,13,4,RMUX17,BramTILE,13,4,IMUX21
BramTILE,13,4,RMUX17,BramTILE,13,4,IMUX33
BramTILE,13,4,RMUX17,BramTILE,13,4,IMUX39
BramTILE,13,4,RMUX20,LogicTILE,12,4,RMUX74
BramTILE,13,4,RMUX20,LogicTILE,12,4,RMUX81
BramTILE,13,4,RMUX22,BramTILE,13,4,IMUX24
BramTILE,13,4,RMUX22,BramTILE,13,4,IMUX52
BramTILE,13,4,RMUX22,BramTILE,13,4,IMUX60
BramTILE,13,4,RMUX23,BramTILE,13,4,IMUX01
BramTILE,13,4,RMUX23,BramTILE,13,4,IMUX15
BramTILE,13,4,RMUX23,BramTILE,13,4,IMUX41
BramTILE,13,4,RMUX23,BramTILE,13,4,IMUX55
BramTILE,13,4,RMUX26,LogicTILE,12,4,RMUX08
BramTILE,13,4,RMUX28,BramTILE,13,4,IMUX04
BramTILE,13,4,RMUX28,BramTILE,13,4,IMUX28
BramTILE,13,4,RMUX28,BramTILE,13,4,IMUX36
BramTILE,13,4,RMUX28,BramTILE,13,4,IMUX58
BramTILE,13,4,RMUX29,BramTILE,13,4,CtrlMUX01
BramTILE,13,4,RMUX29,BramTILE,13,4,IMUX01
BramTILE,13,4,RMUX31,LogicTILE,14,4,RMUX25
BramTILE,13,4,RMUX34,BramTILE,13,4,IMUX08
BramTILE,13,4,RMUX34,BramTILE,13,4,IMUX12
BramTILE,13,4,RMUX34,BramTILE,13,4,IMUX56
BramTILE,13,4,RMUX34,BramTILE,13,4,IMUX58
BramTILE,13,4,RMUX35,BramTILE,13,4,IMUX11
BramTILE,13,4,RMUX35,BramTILE,13,4,IMUX51
BramTILE,13,4,RMUX35,BramTILE,13,4,IMUX59
BramTILE,13,4,RMUX36,BramTILE,13,4,IMUX27
BramTILE,13,4,RMUX38,LogicTILE,14,4,RMUX50
BramTILE,13,4,RMUX38,LogicTILE,16,4,RMUX56
BramTILE,13,4,RMUX38,LogicTILE,17,4,RMUX56
BramTILE,13,4,RMUX40,BramTILE,13,4,IMUX06
BramTILE,13,4,RMUX40,BramTILE,13,4,IMUX32
BramTILE,13,4,RMUX40,BramTILE,13,4,IMUX54
BramTILE,13,4,RMUX40,BramTILE,13,4,IMUX60
BramTILE,13,4,RMUX41,BramTILE,13,4,IMUX57
BramTILE,13,4,RMUX42,BramTILE,13,4,IMUX17
BramTILE,13,4,RMUX44,BramTILE,13,3,RMUX74
BramTILE,13,4,RMUX45,LogicTILE,14,4,RMUX92
BramTILE,13,4,RMUX46,BramTILE,13,4,IMUX30
BramTILE,13,4,RMUX46,BramTILE,13,4,IMUX62
BramTILE,13,4,RMUX47,BramTILE,13,4,IMUX43
BramTILE,13,4,RMUX47,BramTILE,13,4,IMUX51
BramTILE,13,4,RMUX47,BramTILE,13,4,IMUX53
BramTILE,13,4,RMUX47,BramTILE,13,4,IMUX59
BramTILE,13,4,RMUX50,BramTILE,13,3,RMUX08
BramTILE,13,4,RMUX51,LogicTILE,14,4,RMUX15
BramTILE,13,4,RMUX52,BramTILE,13,4,IMUX30
BramTILE,13,4,RMUX52,BramTILE,13,4,IMUX52
BramTILE,13,4,RMUX52,BramTILE,13,4,IMUX54
BramTILE,13,4,RMUX52,BramTILE,13,4,IMUX56
BramTILE,13,4,RMUX53,BramTILE,13,4,IMUX09
BramTILE,13,4,RMUX53,BramTILE,13,4,IMUX29
BramTILE,13,4,RMUX53,BramTILE,13,4,IMUX37
BramTILE,13,4,RMUX53,BramTILE,13,4,IMUX55
BramTILE,13,4,RMUX53,BramTILE,13,4,IMUX57
BramTILE,13,4,RMUX53,BramTILE,13,4,IMUX63
BramTILE,13,4,RMUX54,BramTILE,13,4,IMUX34
BramTILE,13,4,RMUX58,BramTILE,13,4,IMUX06
BramTILE,13,4,RMUX58,BramTILE,13,4,IMUX16
BramTILE,13,4,RMUX59,BramTILE,13,4,IMUX29
BramTILE,13,4,RMUX59,BramTILE,13,4,IMUX47
BramTILE,13,4,RMUX59,BramTILE,13,4,IMUX51
BramTILE,13,4,RMUX59,BramTILE,13,4,IMUX59
BramTILE,13,4,RMUX61,LogicTILE,14,4,RMUX55
BramTILE,13,4,RMUX63,LogicTILE,11,4,RMUX68
BramTILE,13,4,RMUX63,LogicTILE,12,4,RMUX68
BramTILE,13,4,RMUX64,BramTILE,13,4,IMUX08
BramTILE,13,4,RMUX64,BramTILE,13,4,IMUX20
BramTILE,13,4,RMUX64,BramTILE,13,4,IMUX62
BramTILE,13,4,RMUX65,BramTILE,13,4,IMUX59
BramTILE,13,4,RMUX65,BramTILE,13,4,IMUX63
BramTILE,13,4,RMUX68,LogicTILE,14,4,RMUX85
BramTILE,13,4,RMUX70,BramTILE,13,4,IMUX58
BramTILE,13,4,RMUX70,BramTILE,13,4,IMUX62
BramTILE,13,4,RMUX71,BramTILE,13,4,IMUX05
BramTILE,13,4,RMUX71,BramTILE,13,4,IMUX59
BramTILE,13,4,RMUX72,BramTILE,13,4,IMUX52
BramTILE,13,4,RMUX74,LogicTILE,14,4,RMUX02
BramTILE,13,4,RMUX74,LogicTILE,14,4,RMUX09
BramTILE,13,4,RMUX75,BramTILE,13,3,RMUX15
BramTILE,13,4,RMUX75,BramTILE,13,4,RMUX15
BramTILE,13,4,RMUX76,BramTILE,13,4,IMUX12
BramTILE,13,4,RMUX76,BramTILE,13,4,IMUX54
BramTILE,13,4,RMUX76,BramTILE,13,4,IMUX56
BramTILE,13,4,RMUX76,BramTILE,13,4,IMUX58
BramTILE,13,4,RMUX77,BramTILE,13,4,IMUX19
BramTILE,13,4,RMUX77,BramTILE,13,4,IMUX51
BramTILE,13,4,RMUX77,BramTILE,13,4,IMUX53
BramTILE,13,4,RMUX77,BramTILE,13,4,IMUX59
BramTILE,13,4,RMUX77,BramTILE,13,4,IMUX61
BramTILE,13,4,RMUX78,BramTILE,13,4,IMUX58
BramTILE,13,4,RMUX80,BramTILE,13,3,RMUX33
BramTILE,13,4,RMUX81,LogicTILE,14,4,RMUX39
BramTILE,13,4,RMUX81,LogicTILE,15,4,RMUX39
BramTILE,13,4,RMUX82,BramTILE,13,4,IMUX12
BramTILE,13,4,RMUX82,BramTILE,13,4,IMUX44
BramTILE,13,4,RMUX82,BramTILE,13,4,IMUX62
BramTILE,13,4,RMUX83,BramTILE,13,4,IMUX01
BramTILE,13,4,RMUX83,BramTILE,13,4,IMUX25
BramTILE,13,4,RMUX83,BramTILE,13,4,IMUX53
BramTILE,13,4,RMUX84,BramTILE,13,4,IMUX51
BramTILE,13,4,RMUX84,BramTILE,13,4,IMUX57
BramTILE,13,4,RMUX86,LogicTILE,12,4,RMUX51
BramTILE,13,4,RMUX87,BramTILE,13,3,RMUX68
BramTILE,13,4,RMUX88,BramTILE,13,4,IMUX18
BramTILE,13,4,RMUX88,BramTILE,13,4,IMUX42
BramTILE,13,4,RMUX89,BramTILE,13,4,IMUX55
BramTILE,13,4,RMUX90,BramTILE,13,4,IMUX49
BramTILE,13,4,RMUX90,BramTILE,13,4,IMUX59
BramTILE,13,4,RMUX91,LogicTILE,14,4,RMUX95
BramTILE,13,4,RMUX92,BramTILE,13,3,RMUX74
BramTILE,13,4,RMUX92,BramTILE,13,3,RMUX81
BramTILE,13,4,RMUX94,BramTILE,13,4,IMUX14
BramTILE,13,4,RMUX94,BramTILE,13,4,IMUX50
BramTILE,13,4,RMUX95,BramTILE,13,4,IMUX07
BramTILE,13,4,RMUX95,BramTILE,13,4,IMUX51
BramTILE,13,4,SeamMUX00,BramTILE,13,4,TileClkMUX00
BramTILE,13,4,SeamMUX01,BramTILE,13,4,TileClkMUX01
BramTILE,13,4,TMUX00,BramTILE,13,4,KMUX05
BramTILE,13,4,TMUX02,BramTILE,13,4,KMUX04
BramTILE,13,4,TMUX03,BramTILE,13,4,KMUX08
BramTILE,13,4,TMUX04,BramTILE,13,4,KMUX00
BramTILE,13,4,TMUX04,BramTILE,13,4,KMUX01
BramTILE,13,4,TMUX09,BramTILE,13,4,KMUX06
BramTILE,13,4,TMUX09,BramTILE,13,4,KMUX07
BramTILE,13,4,TMUX10,BramTILE,13,4,KMUX02
BramTILE,13,4,TMUX13,BramTILE,13,4,KMUX03
BramTILE,13,4,TMUX15,BramTILE,13,4,KMUX09
BramTILE,13,4,TileClkMUX00,LogicTILE,14,4,SeamMUX00
BramTILE,13,4,TileClkMUX00,LogicTILE,14,8,SeamMUX00
BramTILE,13,4,TileClkMUX00,LogicTILE,14,10,SeamMUX00
BramTILE,13,4,TileClkMUX01,BramTILE,13,4,SeamMUX00
Clkdis,13,0,BufMUX05,Bram,13,3,SeamMUX01
ClkdisTILE,13,0,BufMUX05,BramTILE,13,4,SeamMUX01
Logic,12,1,RMUX68,Bram,13,1,RMUX81
Logic,12,1,RMUX91,Bram,13,1,RMUX89
Logic,12,2,OMUX36,Bram,13,2,IMUX28
Logic,12,2,RMUX08,Bram,13,2,RMUX27
Logic,12,2,RMUX08,Bram,13,2,RMUX42
Logic,12,2,RMUX74,Bram,13,2,RMUX18
Logic,12,2,RMUX81,Bram,13,2,RMUX35
Logic,12,3,OMUX09,Bram,13,3,RMUX08
Logic,12,3,OMUX30,Bram,13,3,RMUX61
Logic,12,3,RMUX08,Bram,13,3,RMUX42
Logic,12,4,OMUX00,Bram,13,4,IMUX28
Logic,12,4,OMUX30,Bram,13,4,IMUX44
Logic,12,4,RMUX08,Bram,13,4,RMUX37
Logic,12,4,RMUX51,Bram,13,4,RMUX04
Logic,12,4,RMUX51,Bram,13,4,RMUX10
Logic,12,4,RMUX91,Bram,13,4,RMUX89
Logic,12,4,RMUX91,Bram,13,4,RMUX95
Logic,14,1,RMUX00,Bram,13,1,IMUX02
Logic,14,1,RMUX00,Bram,13,1,IMUX12
Logic,14,1,RMUX00,Bram,13,1,IMUX20
Logic,14,1,RMUX03,Bram,13,1,RMUX10
Logic,14,1,RMUX03,Bram,13,1,RMUX15
Logic,14,1,RMUX06,Bram,13,1,IMUX01
Logic,14,1,RMUX06,Bram,13,1,IMUX03
Logic,14,1,RMUX06,Bram,13,1,IMUX23
Logic,14,1,RMUX06,Bram,13,1,TMUX01
Logic,14,1,RMUX12,Bram,13,1,CtrlMUX00
Logic,14,1,RMUX12,Bram,13,1,IMUX36
Logic,14,1,RMUX12,Bram,13,1,IMUX48
Logic,14,1,RMUX12,Bram,13,1,IMUX56
Logic,14,1,RMUX13,Bram,13,1,RMUX48
Logic,14,1,RMUX13,Bram,13,1,RMUX70
Logic,14,1,RMUX18,Bram,13,1,CtrlMUX01
Logic,14,1,RMUX18,Bram,13,1,IMUX35
Logic,14,1,RMUX18,Bram,13,1,IMUX37
Logic,14,1,RMUX18,Bram,13,1,IMUX57
Logic,14,1,RMUX20,Bram,13,1,RMUX84
Logic,14,1,RMUX20,Bram,13,1,RMUX90
Logic,14,1,RMUX24,Bram,13,1,IMUX02
Logic,14,1,RMUX24,Bram,13,1,IMUX04
Logic,14,1,RMUX24,Bram,13,1,IMUX24
Logic,14,1,RMUX30,Bram,13,1,IMUX07
Logic,14,1,RMUX30,Bram,13,1,IMUX15
Logic,14,1,RMUX33,Bram,13,1,RMUX28
Logic,14,1,RMUX33,Bram,13,1,RMUX34
Logic,14,1,RMUX36,Bram,13,1,IMUX38
Logic,14,1,RMUX36,Bram,13,1,IMUX58
Logic,14,1,RMUX42,Bram,13,1,IMUX39
Logic,14,1,RMUX42,Bram,13,1,IMUX49
Logic,14,1,RMUX42,Bram,13,1,IMUX59
Logic,14,1,RMUX43,Bram,13,1,RMUX78
Logic,14,1,RMUX43,Bram,13,1,RMUX88
Logic,14,1,RMUX43,Bram,13,1,RMUX94
Logic,14,1,RMUX48,Bram,13,1,IMUX00
Logic,14,1,RMUX48,Bram,13,1,IMUX28
Logic,14,1,RMUX49,Bram,13,1,RMUX06
Logic,14,1,RMUX49,Bram,13,1,RMUX23
Logic,14,1,RMUX49,Bram,13,1,TMUX00
Logic,14,1,RMUX54,Bram,13,1,CtrlMUX03
Logic,14,1,RMUX54,Bram,13,1,IMUX09
Logic,14,1,RMUX54,Bram,13,1,IMUX31
Logic,14,1,RMUX56,Bram,13,1,RMUX36
Logic,14,1,RMUX60,Bram,13,1,IMUX40
Logic,14,1,RMUX60,Bram,13,1,IMUX62
Logic,14,1,RMUX63,Bram,13,1,RMUX52
Logic,14,1,RMUX63,Bram,13,1,RMUX53
Logic,14,1,RMUX63,Bram,13,1,RMUX58
Logic,14,1,RMUX66,Bram,13,1,IMUX41
Logic,14,1,RMUX66,Bram,13,1,IMUX49
Logic,14,1,RMUX66,Bram,13,1,IMUX61
Logic,14,1,RMUX72,Bram,13,1,CtrlMUX00
Logic,14,1,RMUX72,Bram,13,1,IMUX10
Logic,14,1,RMUX78,Bram,13,1,IMUX17
Logic,14,1,RMUX78,Bram,13,1,IMUX19
Logic,14,1,RMUX79,Bram,13,1,RMUX46
Logic,14,1,RMUX79,Bram,13,1,RMUX47
Logic,14,1,RMUX84,Bram,13,1,CtrlMUX02
Logic,14,1,RMUX84,Bram,13,1,IMUX34
Logic,14,1,RMUX84,Bram,13,1,IMUX54
Logic,14,1,RMUX86,Bram,13,1,RMUX60
Logic,14,1,RMUX86,Bram,13,1,RMUX66
Logic,14,1,RMUX90,Bram,13,1,IMUX49
Logic,14,1,RMUX90,Bram,13,1,IMUX51
Logic,14,1,RMUX90,Bram,13,1,IMUX63
Logic,14,1,RMUX93,Bram,13,1,RMUX77
Logic,14,1,RMUX93,Bram,13,1,RMUX83
Logic,14,2,RMUX00,Bram,13,2,IMUX02
Logic,14,2,RMUX00,Bram,13,2,IMUX12
Logic,14,2,RMUX03,Bram,13,2,RMUX04
Logic,14,2,RMUX03,Bram,13,2,RMUX15
Logic,14,2,RMUX06,Bram,13,2,CtrlMUX03
Logic,14,2,RMUX06,Bram,13,2,IMUX01
Logic,14,2,RMUX06,Bram,13,2,IMUX15
Logic,14,2,RMUX12,Bram,13,2,IMUX34
Logic,14,2,RMUX12,Bram,13,2,IMUX56
Logic,14,2,RMUX13,Bram,13,2,RMUX64
Logic,14,2,RMUX13,Bram,13,2,RMUX70
Logic,14,2,RMUX18,Bram,13,2,IMUX37
Logic,14,2,RMUX18,Bram,13,2,IMUX57
Logic,14,2,RMUX20,Bram,13,2,RMUX84
Logic,14,2,RMUX20,Bram,13,2,RMUX90
Logic,14,2,RMUX24,Bram,13,2,IMUX02
Logic,14,2,RMUX24,Bram,13,2,IMUX04
Logic,14,2,RMUX24,Bram,13,2,IMUX24
Logic,14,2,RMUX30,Bram,13,2,IMUX07
Logic,14,2,RMUX30,Bram,13,2,IMUX23
Logic,14,2,RMUX33,Bram,13,2,RMUX28
Logic,14,2,RMUX36,Bram,13,2,IMUX32
Logic,14,2,RMUX36,Bram,13,2,IMUX44
Logic,14,2,RMUX36,Bram,13,2,IMUX58
Logic,14,2,RMUX42,Bram,13,2,IMUX39
Logic,14,2,RMUX42,Bram,13,2,IMUX45
Logic,14,2,RMUX42,Bram,13,2,IMUX49
Logic,14,2,RMUX42,Bram,13,2,IMUX59
Logic,14,2,RMUX43,Bram,13,2,RMUX72
Logic,14,2,RMUX43,Bram,13,2,RMUX78
Logic,14,2,RMUX43,Bram,13,2,RMUX89
Logic,14,2,RMUX43,Bram,13,2,RMUX95
Logic,14,2,RMUX48,Bram,13,2,IMUX00
Logic,14,2,RMUX49,Bram,13,2,RMUX17
Logic,14,2,RMUX49,Bram,13,2,RMUX23
Logic,14,2,RMUX54,Bram,13,2,IMUX09
Logic,14,2,RMUX54,Bram,13,2,IMUX13
Logic,14,2,RMUX54,Bram,13,2,IMUX31
Logic,14,2,RMUX56,Bram,13,2,RMUX27
Logic,14,2,RMUX56,Bram,13,2,RMUX36
Logic,14,2,RMUX56,Bram,13,2,RMUX37
Logic,14,2,RMUX56,Bram,13,2,RMUX42
Logic,14,2,RMUX60,Bram,13,2,IMUX36
Logic,14,2,RMUX60,Bram,13,2,IMUX62
Logic,14,2,RMUX63,Bram,13,2,RMUX59
Logic,14,2,RMUX66,Bram,13,2,IMUX41
Logic,14,2,RMUX66,Bram,13,2,IMUX61
Logic,14,2,RMUX72,Bram,13,2,IMUX10
Logic,14,2,RMUX72,Bram,13,2,IMUX20
Logic,14,2,RMUX78,Bram,13,2,CtrlMUX01
Logic,14,2,RMUX78,Bram,13,2,IMUX17
Logic,14,2,RMUX79,Bram,13,2,RMUX30
Logic,14,2,RMUX79,Bram,13,2,RMUX40
Logic,14,2,RMUX79,Bram,13,2,RMUX46
Logic,14,2,RMUX84,Bram,13,2,IMUX38
Logic,14,2,RMUX84,Bram,13,2,IMUX52
Logic,14,2,RMUX84,Bram,13,2,IMUX54
Logic,14,2,RMUX90,Bram,13,2,IMUX51
Logic,14,2,RMUX90,Bram,13,2,IMUX57
Logic,14,2,RMUX90,Bram,13,2,IMUX63
Logic,14,2,RMUX93,Bram,13,2,RMUX76
Logic,14,2,RMUX93,Bram,13,2,RMUX82
Logic,14,3,RMUX00,Bram,13,3,IMUX12
Logic,14,3,RMUX00,Bram,13,3,IMUX16
Logic,14,3,RMUX03,Bram,13,3,RMUX04
Logic,14,3,RMUX03,Bram,13,3,RMUX05
Logic,14,3,RMUX03,Bram,13,3,RMUX10
Logic,14,3,RMUX06,Bram,13,3,IMUX15
Logic,14,3,RMUX06,Bram,13,3,IMUX23
Logic,14,3,RMUX12,Bram,13,3,IMUX34
Logic,14,3,RMUX12,Bram,13,3,IMUX56
Logic,14,3,RMUX13,Bram,13,3,RMUX48
Logic,14,3,RMUX13,Bram,13,3,RMUX64
Logic,14,3,RMUX18,Bram,13,3,CtrlMUX01
Logic,14,3,RMUX18,Bram,13,3,IMUX51
Logic,14,3,RMUX18,Bram,13,3,IMUX55
Logic,14,3,RMUX18,Bram,13,3,IMUX57
Logic,14,3,RMUX20,Bram,13,3,RMUX74
Logic,14,3,RMUX20,Bram,13,3,RMUX75
Logic,14,3,RMUX20,Bram,13,3,RMUX84
Logic,14,3,RMUX20,Bram,13,3,TMUX13
Logic,14,3,RMUX24,Bram,13,3,CtrlMUX02
Logic,14,3,RMUX24,Bram,13,3,IMUX00
Logic,14,3,RMUX24,Bram,13,3,IMUX04
Logic,14,3,RMUX24,Bram,13,3,IMUX24
Logic,14,3,RMUX30,Bram,13,3,IMUX07
Logic,14,3,RMUX30,Bram,13,3,IMUX23
Logic,14,3,RMUX33,Bram,13,3,RMUX28
Logic,14,3,RMUX33,Bram,13,3,RMUX29
Logic,14,3,RMUX33,Bram,13,3,RMUX34
Logic,14,3,RMUX36,Bram,13,3,IMUX44
Logic,14,3,RMUX36,Bram,13,3,IMUX58
Logic,14,3,RMUX42,Bram,13,3,IMUX45
Logic,14,3,RMUX42,Bram,13,3,IMUX53
Logic,14,3,RMUX43,Bram,13,3,RMUX88
Logic,14,3,RMUX43,Bram,13,3,RMUX89
Logic,14,3,RMUX43,Bram,13,3,RMUX94
Logic,14,3,RMUX43,Bram,13,3,RMUX95
Logic,14,3,RMUX48,Bram,13,3,IMUX10
Logic,14,3,RMUX48,Bram,13,3,IMUX14
Logic,14,3,RMUX48,Bram,13,3,IMUX16
Logic,14,3,RMUX48,Bram,13,3,IMUX18
Logic,14,3,RMUX49,Bram,13,3,RMUX17
Logic,14,3,RMUX49,Bram,13,3,RMUX23
Logic,14,3,RMUX54,Bram,13,3,IMUX09
Logic,14,3,RMUX54,Bram,13,3,IMUX13
Logic,14,3,RMUX54,Bram,13,3,IMUX31
Logic,14,3,RMUX56,Bram,13,3,RMUX27
Logic,14,3,RMUX56,Bram,13,3,RMUX36
Logic,14,3,RMUX56,Bram,13,3,RMUX42
Logic,14,3,RMUX60,Bram,13,3,IMUX36
Logic,14,3,RMUX63,Bram,13,3,RMUX53
Logic,14,3,RMUX63,Bram,13,3,RMUX59
Logic,14,3,RMUX63,Bram,13,3,RMUX69
Logic,14,3,RMUX66,Bram,13,3,IMUX37
Logic,14,3,RMUX66,Bram,13,3,IMUX61
Logic,14,3,RMUX72,Bram,13,3,IMUX02
Logic,14,3,RMUX72,Bram,13,3,IMUX10
Logic,14,3,RMUX72,Bram,13,3,IMUX20
Logic,14,3,RMUX78,Bram,13,3,CtrlMUX01
Logic,14,3,RMUX78,Bram,13,3,IMUX01
Logic,14,3,RMUX78,Bram,13,3,IMUX23
Logic,14,3,RMUX79,Bram,13,3,RMUX40
Logic,14,3,RMUX79,Bram,13,3,RMUX41
Logic,14,3,RMUX79,Bram,13,3,RMUX46
Logic,14,3,RMUX79,Bram,13,3,RMUX47
Logic,14,3,RMUX84,Bram,13,3,IMUX38
Logic,14,3,RMUX84,Bram,13,3,IMUX54
Logic,14,3,RMUX86,Bram,13,3,RMUX57
Logic,14,3,RMUX86,Bram,13,3,RMUX60
Logic,14,3,RMUX86,Bram,13,3,RMUX66
Logic,14,3,RMUX86,Bram,13,3,RMUX67
Logic,14,3,RMUX90,Bram,13,3,IMUX39
Logic,14,3,RMUX93,Bram,13,3,RMUX76
Logic,14,3,RMUX93,Bram,13,3,RMUX82
Logic,14,3,RMUX93,Bram,13,3,RMUX83
Logic,14,4,RMUX00,Bram,13,4,CtrlMUX02
Logic,14,4,RMUX00,Bram,13,4,IMUX02
Logic,14,4,RMUX00,Bram,13,4,IMUX16
Logic,14,4,RMUX03,Bram,13,4,RMUX10
Logic,14,4,RMUX03,Bram,13,4,RMUX11
Logic,14,4,RMUX03,Bram,13,4,RMUX21
Logic,14,4,RMUX06,Bram,13,4,IMUX07
Logic,14,4,RMUX06,Bram,13,4,IMUX15
Logic,14,4,RMUX12,Bram,13,4,IMUX34
Logic,14,4,RMUX12,Bram,13,4,IMUX40
Logic,14,4,RMUX12,Bram,13,4,IMUX52
Logic,14,4,RMUX12,Bram,13,4,IMUX54
Logic,14,4,RMUX13,Bram,13,4,RMUX48
Logic,14,4,RMUX13,Bram,13,4,RMUX55
Logic,14,4,RMUX13,Bram,13,4,RMUX65
Logic,14,4,RMUX18,Bram,13,4,CtrlMUX01
Logic,14,4,RMUX18,Bram,13,4,IMUX51
Logic,14,4,RMUX18,Bram,13,4,IMUX57
Logic,14,4,RMUX20,Bram,13,4,RMUX75
Logic,14,4,RMUX20,Bram,13,4,RMUX85
Logic,14,4,RMUX24,Bram,13,4,IMUX04
Logic,14,4,RMUX24,Bram,13,4,IMUX24
Logic,14,4,RMUX24,Bram,13,4,TMUX04
Logic,14,4,RMUX26,Bram,13,4,RMUX18
Logic,14,4,RMUX26,Bram,13,4,RMUX19
Logic,14,4,RMUX26,Bram,13,4,TMUX01
Logic,14,4,RMUX30,Bram,13,4,IMUX03
Logic,14,4,RMUX30,Bram,13,4,IMUX23
Logic,14,4,RMUX30,Bram,13,4,TMUX05
Logic,14,4,RMUX33,Bram,13,4,RMUX29
Logic,14,4,RMUX33,Bram,13,4,RMUX34
Logic,14,4,RMUX33,Bram,13,4,RMUX39
Logic,14,4,RMUX36,Bram,13,4,IMUX32
Logic,14,4,RMUX42,Bram,13,4,IMUX53
Logic,14,4,RMUX43,Bram,13,4,RMUX72
Logic,14,4,RMUX43,Bram,13,4,RMUX73
Logic,14,4,RMUX43,Bram,13,4,RMUX88
Logic,14,4,RMUX43,Bram,13,4,TMUX12
Logic,14,4,RMUX48,Bram,13,4,IMUX10
Logic,14,4,RMUX48,Bram,13,4,IMUX14
Logic,14,4,RMUX49,Bram,13,4,RMUX16
Logic,14,4,RMUX49,Bram,13,4,RMUX17
Logic,14,4,RMUX49,Bram,13,4,RMUX23
Logic,14,4,RMUX54,Bram,13,4,IMUX05
Logic,14,4,RMUX56,Bram,13,4,RMUX36
Logic,14,4,RMUX56,Bram,13,4,RMUX42
Logic,14,4,RMUX60,Bram,13,4,IMUX36
Logic,14,4,RMUX60,Bram,13,4,IMUX48
Logic,14,4,RMUX60,Bram,13,4,IMUX56
Logic,14,4,RMUX63,Bram,13,4,RMUX53
Logic,14,4,RMUX63,Bram,13,4,RMUX59
Logic,14,4,RMUX63,Bram,13,4,RMUX62
Logic,14,4,RMUX63,Bram,13,4,RMUX69
Logic,14,4,RMUX66,Bram,13,4,IMUX37
Logic,14,4,RMUX66,Bram,13,4,IMUX63
Logic,14,4,RMUX72,Bram,13,4,IMUX12
Logic,14,4,RMUX72,Bram,13,4,IMUX20
Logic,14,4,RMUX72,Bram,13,4,IMUX22
Logic,14,4,RMUX78,Bram,13,4,CtrlMUX01
Logic,14,4,RMUX78,Bram,13,4,IMUX01
Logic,14,4,RMUX78,Bram,13,4,IMUX31
Logic,14,4,RMUX79,Bram,13,4,RMUX25
Logic,14,4,RMUX79,Bram,13,4,RMUX40
Logic,14,4,RMUX79,Bram,13,4,RMUX46
Logic,14,4,RMUX84,Bram,13,4,IMUX38
Logic,14,4,RMUX84,Bram,13,4,IMUX58
Logic,14,4,RMUX86,Bram,13,4,RMUX57
Logic,14,4,RMUX90,Bram,13,4,IMUX39
Logic,14,4,RMUX93,Bram,13,4,RMUX76
Logic,14,4,RMUX93,Bram,13,4,RMUX82
Logic,15,1,RMUX03,Bram,13,1,RMUX04
Logic,15,1,RMUX03,Bram,13,1,RMUX05
Logic,15,1,RMUX13,Bram,13,1,RMUX48
Logic,15,1,RMUX13,Bram,13,1,RMUX71
Logic,15,1,RMUX13,Bram,13,1,TMUX08
Logic,15,1,RMUX20,Bram,13,1,TMUX13
Logic,15,1,RMUX26,Bram,13,1,RMUX12
Logic,15,1,RMUX33,Bram,13,1,RMUX28
Logic,15,1,RMUX33,Bram,13,1,RMUX34
Logic,15,1,RMUX43,Bram,13,1,RMUX72
Logic,15,1,RMUX43,Bram,13,1,RMUX78
Logic,15,1,RMUX43,Bram,13,1,TMUX12
Logic,15,1,RMUX49,Bram,13,1,RMUX16
Logic,15,1,RMUX49,Bram,13,1,RMUX22
Logic,15,1,RMUX49,Bram,13,1,RMUX23
Logic,15,1,RMUX49,Bram,13,1,TMUX00
Logic,15,1,RMUX56,Bram,13,1,TMUX05
Logic,15,1,RMUX63,Bram,13,1,RMUX52
Logic,15,1,RMUX63,Bram,13,1,RMUX53
Logic,15,1,RMUX63,Bram,13,1,RMUX59
Logic,15,1,RMUX79,Bram,13,1,RMUX40
Logic,15,1,RMUX79,Bram,13,1,TMUX04
Logic,15,1,RMUX86,Bram,13,1,TMUX09
Logic,15,1,RMUX93,Bram,13,1,RMUX77
Logic,15,2,RMUX03,Bram,13,2,RMUX04
Logic,15,2,RMUX03,Bram,13,2,RMUX11
Logic,15,2,RMUX13,Bram,13,2,RMUX65
Logic,15,2,RMUX13,Bram,13,2,RMUX70
Logic,15,2,RMUX20,Bram,13,2,TMUX13
Logic,15,2,RMUX26,Bram,13,2,RMUX12
Logic,15,2,RMUX26,Bram,13,2,TMUX01
Logic,15,2,RMUX33,Bram,13,2,RMUX29
Logic,15,2,RMUX33,Bram,13,2,RMUX34
Logic,15,2,RMUX33,Bram,13,2,RMUX35
Logic,15,2,RMUX43,Bram,13,2,RMUX88
Logic,15,2,RMUX43,Bram,13,2,RMUX89
Logic,15,2,RMUX43,Bram,13,2,RMUX95
Logic,15,2,RMUX49,Bram,13,2,RMUX16
Logic,15,2,RMUX49,Bram,13,2,RMUX22
Logic,15,2,RMUX49,Bram,13,2,TMUX00
Logic,15,2,RMUX56,Bram,13,2,TMUX05
Logic,15,2,RMUX63,Bram,13,2,RMUX52
Logic,15,2,RMUX63,Bram,13,2,RMUX53
Logic,15,2,RMUX63,Bram,13,2,RMUX58
Logic,15,2,RMUX79,Bram,13,2,RMUX46
Logic,15,2,RMUX79,Bram,13,2,RMUX47
Logic,15,2,RMUX79,Bram,13,2,TMUX04
Logic,15,2,RMUX86,Bram,13,2,RMUX66
Logic,15,2,RMUX93,Bram,13,2,RMUX77
Logic,15,2,RMUX93,Bram,13,2,RMUX87
Logic,15,3,RMUX03,Bram,13,3,RMUX21
Logic,15,3,RMUX13,Bram,13,3,RMUX48
Logic,15,3,RMUX13,Bram,13,3,RMUX54
Logic,15,3,RMUX13,Bram,13,3,RMUX65
Logic,15,3,RMUX13,Bram,13,3,RMUX71
Logic,15,3,RMUX20,Bram,13,3,RMUX90
Logic,15,3,RMUX20,Bram,13,3,TMUX13
Logic,15,3,RMUX26,Bram,13,3,RMUX12
Logic,15,3,RMUX33,Bram,13,3,RMUX34
Logic,15,3,RMUX33,Bram,13,3,RMUX35
Logic,15,3,RMUX43,Bram,13,3,RMUX73
Logic,15,3,RMUX43,Bram,13,3,RMUX78
Logic,15,3,RMUX43,Bram,13,3,TMUX12
Logic,15,3,RMUX49,Bram,13,3,RMUX07
Logic,15,3,RMUX49,Bram,13,3,RMUX16
Logic,15,3,RMUX49,Bram,13,3,RMUX22
Logic,15,3,RMUX56,Bram,13,3,TMUX05
Logic,15,3,RMUX63,Bram,13,3,RMUX52
Logic,15,3,RMUX63,Bram,13,3,RMUX53
Logic,15,3,RMUX79,Bram,13,3,RMUX30
Logic,15,3,RMUX79,Bram,13,3,RMUX41
Logic,15,3,RMUX79,Bram,13,3,RMUX46
Logic,15,3,RMUX79,Bram,13,3,RMUX47
Logic,15,3,RMUX86,Bram,13,3,RMUX57
Logic,15,3,RMUX86,Bram,13,3,RMUX67
Logic,15,3,RMUX86,Bram,13,3,TMUX09
Logic,15,3,RMUX93,Bram,13,3,RMUX76
Logic,15,3,RMUX93,Bram,13,3,RMUX77
Logic,15,3,RMUX93,Bram,13,3,RMUX82
Logic,15,3,RMUX93,Bram,13,3,RMUX83
Logic,15,3,RMUX93,Bram,13,3,RMUX87
Logic,15,4,RMUX03,Bram,13,4,RMUX04
Logic,15,4,RMUX03,Bram,13,4,RMUX11
Logic,15,4,RMUX03,Bram,13,4,RMUX14
Logic,15,4,RMUX03,Bram,13,4,RMUX21
Logic,15,4,RMUX13,Bram,13,4,RMUX48
Logic,15,4,RMUX13,Bram,13,4,RMUX55
Logic,15,4,RMUX13,Bram,13,4,RMUX65
Logic,15,4,RMUX13,Bram,13,4,RMUX71
Logic,15,4,RMUX20,Bram,13,4,RMUX84
Logic,15,4,RMUX20,Bram,13,4,RMUX85
Logic,15,4,RMUX26,Bram,13,4,RMUX12
Logic,15,4,RMUX26,Bram,13,4,RMUX18
Logic,15,4,RMUX33,Bram,13,4,RMUX28
Logic,15,4,RMUX33,Bram,13,4,RMUX29
Logic,15,4,RMUX33,Bram,13,4,RMUX35
Logic,15,4,RMUX33,Bram,13,4,RMUX39
Logic,15,4,RMUX33,Bram,13,4,TMUX07
Logic,15,4,RMUX43,Bram,13,4,RMUX73
Logic,15,4,RMUX43,Bram,13,4,RMUX78
Logic,15,4,RMUX43,Bram,13,4,RMUX88
Logic,15,4,RMUX49,Bram,13,4,RMUX07
Logic,15,4,RMUX49,Bram,13,4,RMUX16
Logic,15,4,RMUX49,Bram,13,4,RMUX23
Logic,15,4,RMUX49,Bram,13,4,TMUX00
Logic,15,4,RMUX56,Bram,13,4,RMUX36
Logic,15,4,RMUX63,Bram,13,4,RMUX52
Logic,15,4,RMUX63,Bram,13,4,RMUX58
Logic,15,4,RMUX63,Bram,13,4,RMUX62
Logic,15,4,RMUX79,Bram,13,4,RMUX30
Logic,15,4,RMUX79,Bram,13,4,RMUX41
Logic,15,4,RMUX79,Bram,13,4,TMUX04
Logic,15,4,RMUX86,Bram,13,4,RMUX60
Logic,15,4,RMUX86,Bram,13,4,RMUX66
Logic,15,4,RMUX93,Bram,13,4,RMUX77
Logic,15,4,RMUX93,Bram,13,4,TMUX15
Logic,16,1,RMUX03,Bram,13,1,RMUX04
Logic,16,1,RMUX03,Bram,13,1,RMUX10
Logic,16,1,RMUX03,Bram,13,1,TMUX03
Logic,16,1,RMUX13,Bram,13,1,RMUX65
Logic,16,1,RMUX20,Bram,13,1,RMUX84
Logic,16,1,RMUX20,Bram,13,1,RMUX90
Logic,16,1,RMUX20,Bram,13,1,TMUX13
Logic,16,1,RMUX26,Bram,13,1,TMUX01
Logic,16,1,RMUX33,Bram,13,1,RMUX28
Logic,16,1,RMUX33,Bram,13,1,RMUX29
Logic,16,1,RMUX33,Bram,13,1,TMUX07
Logic,16,1,RMUX43,Bram,13,1,RMUX72
Logic,16,1,RMUX43,Bram,13,1,RMUX95
Logic,16,1,RMUX43,Bram,13,1,TMUX12
Logic,16,1,RMUX49,Bram,13,1,RMUX06
Logic,16,1,RMUX49,Bram,13,1,RMUX16
Logic,16,1,RMUX49,Bram,13,1,RMUX23
Logic,16,1,RMUX49,Bram,13,1,TMUX00
Logic,16,1,RMUX56,Bram,13,1,RMUX36
Logic,16,1,RMUX56,Bram,13,1,RMUX42
Logic,16,1,RMUX56,Bram,13,1,TMUX05
Logic,16,1,RMUX63,Bram,13,1,RMUX53
Logic,16,1,RMUX63,Bram,13,1,RMUX58
Logic,16,1,RMUX63,Bram,13,1,TMUX11
Logic,16,1,RMUX79,Bram,13,1,RMUX41
Logic,16,1,RMUX86,Bram,13,1,TMUX09
Logic,16,1,RMUX93,Bram,13,1,RMUX83
Logic,16,1,RMUX93,Bram,13,1,TMUX15
Logic,16,2,RMUX03,Bram,13,2,RMUX11
Logic,16,2,RMUX03,Bram,13,2,RMUX21
Logic,16,2,RMUX03,Bram,13,2,TMUX03
Logic,16,2,RMUX13,Bram,13,2,RMUX54
Logic,16,2,RMUX13,Bram,13,2,RMUX64
Logic,16,2,RMUX13,Bram,13,2,TMUX08
Logic,16,2,RMUX20,Bram,13,2,RMUX84
Logic,16,2,RMUX20,Bram,13,2,RMUX90
Logic,16,2,RMUX26,Bram,13,2,RMUX12
Logic,16,2,RMUX26,Bram,13,2,TMUX01
Logic,16,2,RMUX33,Bram,13,2,RMUX29
Logic,16,2,RMUX33,Bram,13,2,RMUX34
Logic,16,2,RMUX33,Bram,13,2,TMUX07
Logic,16,2,RMUX43,Bram,13,2,RMUX78
Logic,16,2,RMUX43,Bram,13,2,RMUX94
Logic,16,2,RMUX43,Bram,13,2,TMUX12
Logic,16,2,RMUX49,Bram,13,2,RMUX07
Logic,16,2,RMUX49,Bram,13,2,RMUX16
Logic,16,2,RMUX49,Bram,13,2,RMUX17
Logic,16,2,RMUX49,Bram,13,2,RMUX23
Logic,16,2,RMUX56,Bram,13,2,RMUX36
Logic,16,2,RMUX56,Bram,13,2,RMUX42
Logic,16,2,RMUX56,Bram,13,2,TMUX05
Logic,16,2,RMUX63,Bram,13,2,RMUX52
Logic,16,2,RMUX63,Bram,13,2,RMUX58
Logic,16,2,RMUX79,Bram,13,2,RMUX24
Logic,16,2,RMUX79,Bram,13,2,RMUX30
Logic,16,2,RMUX79,Bram,13,2,RMUX40
Logic,16,2,RMUX86,Bram,13,2,RMUX60
Logic,16,2,RMUX86,Bram,13,2,TMUX09
Logic,16,2,RMUX93,Bram,13,2,RMUX77
Logic,16,2,RMUX93,Bram,13,2,RMUX82
Logic,16,2,RMUX93,Bram,13,2,RMUX83
Logic,16,3,RMUX03,Bram,13,3,RMUX04
Logic,16,3,RMUX03,Bram,13,3,RMUX10
Logic,16,3,RMUX03,Bram,13,3,RMUX21
Logic,16,3,RMUX03,Bram,13,3,TMUX03
Logic,16,3,RMUX13,Bram,13,3,RMUX48
Logic,16,3,RMUX13,Bram,13,3,RMUX54
Logic,16,3,RMUX13,Bram,13,3,RMUX65
Logic,16,3,RMUX13,Bram,13,3,RMUX70
Logic,16,3,RMUX20,Bram,13,3,RMUX84
Logic,16,3,RMUX20,Bram,13,3,RMUX90
Logic,16,3,RMUX26,Bram,13,3,TMUX01
Logic,16,3,RMUX33,Bram,13,3,RMUX28
Logic,16,3,RMUX33,Bram,13,3,RMUX44
Logic,16,3,RMUX33,Bram,13,3,TMUX07
Logic,16,3,RMUX43,Bram,13,3,RMUX78
Logic,16,3,RMUX43,Bram,13,3,TMUX12
Logic,16,3,RMUX49,Bram,13,3,RMUX07
Logic,16,3,RMUX49,Bram,13,3,RMUX22
Logic,16,3,RMUX49,Bram,13,3,RMUX23
Logic,16,3,RMUX56,Bram,13,3,RMUX27
Logic,16,3,RMUX56,Bram,13,3,RMUX36
Logic,16,3,RMUX63,Bram,13,3,RMUX53
Logic,16,3,RMUX63,Bram,13,3,RMUX58
Logic,16,3,RMUX63,Bram,13,3,RMUX59
Logic,16,3,RMUX79,Bram,13,3,RMUX40
Logic,16,3,RMUX79,Bram,13,3,RMUX46
Logic,16,3,RMUX79,Bram,13,3,TMUX04
Logic,16,3,RMUX86,Bram,13,3,RMUX60
Logic,16,3,RMUX86,Bram,13,3,TMUX09
Logic,16,3,RMUX93,Bram,13,3,RMUX76
Logic,16,3,RMUX93,Bram,13,3,RMUX77
Logic,16,3,RMUX93,Bram,13,3,RMUX82
Logic,16,3,RMUX93,Bram,13,3,RMUX83
Logic,16,4,RMUX03,Bram,13,4,RMUX04
Logic,16,4,RMUX03,Bram,13,4,RMUX10
Logic,16,4,RMUX03,Bram,13,4,RMUX11
Logic,16,4,RMUX03,Bram,13,4,RMUX14
Logic,16,4,RMUX03,Bram,13,4,RMUX21
Logic,16,4,RMUX13,Bram,13,4,RMUX48
Logic,16,4,RMUX13,Bram,13,4,TMUX08
Logic,16,4,RMUX20,Bram,13,4,RMUX75
Logic,16,4,RMUX20,Bram,13,4,RMUX80
Logic,16,4,RMUX20,Bram,13,4,RMUX85
Logic,16,4,RMUX26,Bram,13,4,RMUX09
Logic,16,4,RMUX26,Bram,13,4,RMUX19
Logic,16,4,RMUX33,Bram,13,4,RMUX28
Logic,16,4,RMUX33,Bram,13,4,RMUX34
Logic,16,4,RMUX33,Bram,13,4,RMUX35
Logic,16,4,RMUX33,Bram,13,4,TMUX07
Logic,16,4,RMUX43,Bram,13,4,RMUX73
Logic,16,4,RMUX43,Bram,13,4,RMUX78
Logic,16,4,RMUX43,Bram,13,4,RMUX89
Logic,16,4,RMUX43,Bram,13,4,RMUX95
Logic,16,4,RMUX49,Bram,13,4,RMUX07
Logic,16,4,RMUX49,Bram,13,4,RMUX23
Logic,16,4,RMUX49,Bram,13,4,TMUX00
Logic,16,4,RMUX56,Bram,13,4,RMUX27
Logic,16,4,RMUX56,Bram,13,4,RMUX36
Logic,16,4,RMUX56,Bram,13,4,RMUX37
Logic,16,4,RMUX56,Bram,13,4,TMUX05
Logic,16,4,RMUX63,Bram,13,4,RMUX52
Logic,16,4,RMUX63,Bram,13,4,RMUX58
Logic,16,4,RMUX63,Bram,13,4,RMUX59
Logic,16,4,RMUX63,Bram,13,4,TMUX11
Logic,16,4,RMUX79,Bram,13,4,RMUX25
Logic,16,4,RMUX79,Bram,13,4,RMUX40
Logic,16,4,RMUX79,Bram,13,4,RMUX41
Logic,16,4,RMUX79,Bram,13,4,RMUX46
Logic,16,4,RMUX86,Bram,13,4,RMUX57
Logic,16,4,RMUX86,Bram,13,4,RMUX60
Logic,16,4,RMUX86,Bram,13,4,TMUX09
Logic,16,4,RMUX93,Bram,13,4,RMUX76
Logic,16,4,RMUX93,Bram,13,4,RMUX82
Logic,16,4,RMUX93,Bram,13,4,RMUX83
Logic,17,1,RMUX03,Bram,13,1,RMUX05
Logic,17,1,RMUX03,Bram,13,1,RMUX10
Logic,17,1,RMUX03,Bram,13,1,RMUX11
Logic,17,1,RMUX03,Bram,13,1,TMUX03
Logic,17,1,RMUX20,Bram,13,1,RMUX90
Logic,17,1,RMUX20,Bram,13,1,TMUX13
Logic,17,1,RMUX26,Bram,13,1,TMUX01
Logic,17,1,RMUX33,Bram,13,1,RMUX28
Logic,17,1,RMUX33,Bram,13,1,RMUX29
Logic,17,1,RMUX43,Bram,13,1,RMUX95
Logic,17,1,RMUX43,Bram,13,1,TMUX12
Logic,17,1,RMUX49,Bram,13,1,RMUX00
Logic,17,1,RMUX49,Bram,13,1,RMUX06
Logic,17,1,RMUX49,Bram,13,1,RMUX16
Logic,17,1,RMUX49,Bram,13,1,TMUX00
Logic,17,1,RMUX56,Bram,13,1,RMUX36
Logic,17,1,RMUX56,Bram,13,1,RMUX42
Logic,17,1,RMUX56,Bram,13,1,TMUX05
Logic,17,1,RMUX63,Bram,13,1,RMUX53
Logic,17,1,RMUX63,Bram,13,1,RMUX59
Logic,17,1,RMUX63,Bram,13,1,TMUX11
Logic,17,1,RMUX86,Bram,13,1,RMUX60
Logic,17,1,RMUX86,Bram,13,1,RMUX66
Logic,17,1,RMUX93,Bram,13,1,RMUX82
Logic,17,1,RMUX93,Bram,13,1,TMUX15
Logic,17,2,RMUX03,Bram,13,2,RMUX04
Logic,17,2,RMUX03,Bram,13,2,RMUX21
Logic,17,2,RMUX13,Bram,13,2,RMUX64
Logic,17,2,RMUX13,Bram,13,2,RMUX71
Logic,17,2,RMUX13,Bram,13,2,TMUX08
Logic,17,2,RMUX20,Bram,13,2,TMUX13
Logic,17,2,RMUX26,Bram,13,2,TMUX01
Logic,17,2,RMUX33,Bram,13,2,RMUX34
Logic,17,2,RMUX33,Bram,13,2,TMUX07
Logic,17,2,RMUX43,Bram,13,2,RMUX88
Logic,17,2,RMUX43,Bram,13,2,RMUX94
Logic,17,2,RMUX43,Bram,13,2,TMUX12
Logic,17,2,RMUX49,Bram,13,2,RMUX16
Logic,17,2,RMUX49,Bram,13,2,RMUX17
Logic,17,2,RMUX49,Bram,13,2,RMUX22
Logic,17,2,RMUX49,Bram,13,2,RMUX23
Logic,17,2,RMUX56,Bram,13,2,RMUX36
Logic,17,2,RMUX63,Bram,13,2,RMUX53
Logic,17,2,RMUX63,Bram,13,2,RMUX58
Logic,17,2,RMUX79,Bram,13,2,RMUX41
Logic,17,2,RMUX79,Bram,13,2,RMUX47
Logic,17,2,RMUX86,Bram,13,2,RMUX60
Logic,17,2,RMUX86,Bram,13,2,RMUX66
Logic,17,2,RMUX93,Bram,13,2,TMUX15
Logic,17,3,RMUX03,Bram,13,3,RMUX04
Logic,17,3,RMUX03,Bram,13,3,RMUX05
Logic,17,3,RMUX03,Bram,13,3,RMUX11
Logic,17,3,RMUX03,Bram,13,3,TMUX03
Logic,17,3,RMUX13,Bram,13,3,RMUX54
Logic,17,3,RMUX13,Bram,13,3,RMUX70
Logic,17,3,RMUX13,Bram,13,3,RMUX71
Logic,17,3,RMUX20,Bram,13,3,TMUX13
Logic,17,3,RMUX26,Bram,13,3,TMUX01
Logic,17,3,RMUX33,Bram,13,3,RMUX34
Logic,17,3,RMUX43,Bram,13,3,RMUX73
Logic,17,3,RMUX43,Bram,13,3,RMUX88
Logic,17,3,RMUX43,Bram,13,3,RMUX94
Logic,17,3,RMUX49,Bram,13,3,RMUX07
Logic,17,3,RMUX49,Bram,13,3,RMUX16
Logic,17,3,RMUX49,Bram,13,3,RMUX17
Logic,17,3,RMUX49,Bram,13,3,RMUX22
Logic,17,3,RMUX63,Bram,13,3,RMUX52
Logic,17,3,RMUX63,Bram,13,3,RMUX58
Logic,17,3,RMUX63,Bram,13,3,TMUX11
Logic,17,3,RMUX79,Bram,13,3,RMUX24
Logic,17,3,RMUX79,Bram,13,3,RMUX41
Logic,17,3,RMUX79,Bram,13,3,RMUX47
Logic,17,3,RMUX86,Bram,13,3,RMUX60
Logic,17,3,RMUX86,Bram,13,3,TMUX09
Logic,17,3,RMUX93,Bram,13,3,RMUX76
Logic,17,3,RMUX93,Bram,13,3,RMUX77
Logic,17,3,RMUX93,Bram,13,3,RMUX83
Logic,17,4,RMUX03,Bram,13,4,RMUX05
Logic,17,4,RMUX03,Bram,13,4,RMUX10
Logic,17,4,RMUX03,Bram,13,4,RMUX14
Logic,17,4,RMUX03,Bram,13,4,TMUX03
Logic,17,4,RMUX13,Bram,13,4,RMUX54
Logic,17,4,RMUX13,Bram,13,4,RMUX70
Logic,17,4,RMUX13,Bram,13,4,RMUX71
Logic,17,4,RMUX20,Bram,13,4,RMUX80
Logic,17,4,RMUX20,Bram,13,4,TMUX13
Logic,17,4,RMUX26,Bram,13,4,TMUX01
Logic,17,4,RMUX33,Bram,13,4,RMUX28
Logic,17,4,RMUX33,Bram,13,4,RMUX34
Logic,17,4,RMUX33,Bram,13,4,TMUX07
Logic,17,4,RMUX43,Bram,13,4,RMUX73
Logic,17,4,RMUX43,Bram,13,4,RMUX94
Logic,17,4,RMUX43,Bram,13,4,RMUX95
Logic,17,4,RMUX49,Bram,13,4,RMUX07
Logic,17,4,RMUX49,Bram,13,4,RMUX17
Logic,17,4,RMUX49,Bram,13,4,RMUX22
Logic,17,4,RMUX49,Bram,13,4,RMUX23
Logic,17,4,RMUX56,Bram,13,4,RMUX36
Logic,17,4,RMUX56,Bram,13,4,RMUX42
Logic,17,4,RMUX56,Bram,13,4,TMUX05
Logic,17,4,RMUX63,Bram,13,4,RMUX52
Logic,17,4,RMUX63,Bram,13,4,RMUX59
Logic,17,4,RMUX63,Bram,13,4,TMUX11
Logic,17,4,RMUX79,Bram,13,4,RMUX41
Logic,17,4,RMUX79,Bram,13,4,RMUX47
Logic,17,4,RMUX79,Bram,13,4,TMUX04
Logic,17,4,RMUX86,Bram,13,4,RMUX50
Logic,17,4,RMUX86,Bram,13,4,RMUX60
Logic,17,4,RMUX86,Bram,13,4,TMUX09
Logic,17,4,RMUX93,Bram,13,4,RMUX76
Logic,17,4,RMUX93,Bram,13,4,RMUX77
Logic,17,4,RMUX93,Bram,13,4,RMUX83
LogicTILE,10,4,RMUX45,BramTILE,13,4,RMUX76
LogicTILE,10,4,RMUX45,BramTILE,13,4,RMUX77
LogicTILE,11,4,RMUX61,BramTILE,13,4,RMUX70
LogicTILE,12,4,RMUX91,BramTILE,13,4,RMUX78
LogicTILE,14,4,RMUX00,BramTILE,13,4,IMUX02
LogicTILE,14,4,RMUX00,BramTILE,13,4,IMUX04
LogicTILE,14,4,RMUX00,BramTILE,13,4,IMUX26
LogicTILE,14,4,RMUX00,BramTILE,13,4,TMUX00
LogicTILE,14,4,RMUX03,BramTILE,13,4,RMUX04
LogicTILE,14,4,RMUX06,BramTILE,13,4,IMUX05
LogicTILE,14,4,RMUX06,BramTILE,13,4,IMUX09
LogicTILE,14,4,RMUX12,BramTILE,13,4,IMUX52
LogicTILE,14,4,RMUX12,BramTILE,13,4,IMUX54
LogicTILE,14,4,RMUX12,BramTILE,13,4,IMUX56
LogicTILE,14,4,RMUX12,BramTILE,13,4,IMUX58
LogicTILE,14,4,RMUX12,BramTILE,13,4,IMUX62
LogicTILE,14,4,RMUX12,BramTILE,13,4,TMUX02
LogicTILE,14,4,RMUX13,BramTILE,13,4,RMUX64
LogicTILE,14,4,RMUX18,BramTILE,13,4,IMUX53
LogicTILE,14,4,RMUX18,BramTILE,13,4,IMUX57
LogicTILE,14,4,RMUX18,BramTILE,13,4,IMUX61
LogicTILE,14,4,RMUX18,BramTILE,13,4,IMUX63
LogicTILE,14,4,RMUX20,BramTILE,13,4,RMUX81
LogicTILE,14,4,RMUX20,BramTILE,13,4,RMUX90
LogicTILE,14,4,RMUX24,BramTILE,13,4,IMUX02
LogicTILE,14,4,RMUX24,BramTILE,13,4,IMUX04
LogicTILE,14,4,RMUX24,BramTILE,13,4,TMUX04
LogicTILE,14,4,RMUX26,BramTILE,13,4,RMUX12
LogicTILE,14,4,RMUX30,BramTILE,13,4,IMUX01
LogicTILE,14,4,RMUX30,BramTILE,13,4,IMUX03
LogicTILE,14,4,RMUX30,BramTILE,13,4,IMUX23
LogicTILE,14,4,RMUX30,BramTILE,13,4,IMUX31
LogicTILE,14,4,RMUX33,BramTILE,13,4,RMUX29
LogicTILE,14,4,RMUX33,BramTILE,13,4,RMUX34
LogicTILE,14,4,RMUX33,BramTILE,13,4,RMUX35
LogicTILE,14,4,RMUX36,BramTILE,13,4,IMUX32
LogicTILE,14,4,RMUX36,BramTILE,13,4,IMUX40
LogicTILE,14,4,RMUX36,BramTILE,13,4,IMUX56
LogicTILE,14,4,RMUX36,BramTILE,13,4,IMUX60
LogicTILE,14,4,RMUX42,BramTILE,13,4,IMUX45
LogicTILE,14,4,RMUX42,BramTILE,13,4,IMUX53
LogicTILE,14,4,RMUX42,BramTILE,13,4,IMUX55
LogicTILE,14,4,RMUX42,BramTILE,13,4,IMUX57
LogicTILE,14,4,RMUX42,BramTILE,13,4,IMUX61
LogicTILE,14,4,RMUX42,BramTILE,13,4,IMUX63
LogicTILE,14,4,RMUX43,BramTILE,13,4,RMUX88
LogicTILE,14,4,RMUX43,BramTILE,13,4,RMUX89
LogicTILE,14,4,RMUX43,BramTILE,13,4,RMUX95
LogicTILE,14,4,RMUX48,BramTILE,13,4,IMUX00
LogicTILE,14,4,RMUX48,BramTILE,13,4,IMUX06
LogicTILE,14,4,RMUX48,BramTILE,13,4,IMUX12
LogicTILE,14,4,RMUX49,BramTILE,13,4,RMUX06
LogicTILE,14,4,RMUX49,BramTILE,13,4,RMUX17
LogicTILE,14,4,RMUX49,BramTILE,13,4,RMUX22
LogicTILE,14,4,RMUX49,BramTILE,13,4,RMUX23
LogicTILE,14,4,RMUX54,BramTILE,13,4,IMUX01
LogicTILE,14,4,RMUX54,BramTILE,13,4,IMUX03
LogicTILE,14,4,RMUX54,BramTILE,13,4,IMUX07
LogicTILE,14,4,RMUX54,BramTILE,13,4,IMUX13
LogicTILE,14,4,RMUX54,BramTILE,13,4,IMUX31
LogicTILE,14,4,RMUX56,BramTILE,13,4,RMUX42
LogicTILE,14,4,RMUX60,BramTILE,13,4,IMUX46
LogicTILE,14,4,RMUX60,BramTILE,13,4,IMUX52
LogicTILE,14,4,RMUX60,BramTILE,13,4,IMUX54
LogicTILE,14,4,RMUX60,BramTILE,13,4,IMUX60
LogicTILE,14,4,RMUX60,BramTILE,13,4,TMUX10
LogicTILE,14,4,RMUX63,BramTILE,13,4,RMUX52
LogicTILE,14,4,RMUX63,BramTILE,13,4,RMUX53
LogicTILE,14,4,RMUX63,BramTILE,13,4,RMUX58
LogicTILE,14,4,RMUX66,BramTILE,13,4,IMUX35
LogicTILE,14,4,RMUX66,BramTILE,13,4,IMUX51
LogicTILE,14,4,RMUX66,BramTILE,13,4,IMUX55
LogicTILE,14,4,RMUX66,BramTILE,13,4,IMUX57
LogicTILE,14,4,RMUX66,BramTILE,13,4,IMUX61
LogicTILE,14,4,RMUX66,BramTILE,13,4,IMUX63
LogicTILE,14,4,RMUX72,BramTILE,13,4,IMUX08
LogicTILE,14,4,RMUX72,BramTILE,13,4,IMUX10
LogicTILE,14,4,RMUX72,BramTILE,13,4,IMUX30
LogicTILE,14,4,RMUX78,BramTILE,13,4,IMUX01
LogicTILE,14,4,RMUX78,BramTILE,13,4,IMUX03
LogicTILE,14,4,RMUX78,BramTILE,13,4,IMUX07
LogicTILE,14,4,RMUX78,BramTILE,13,4,IMUX31
LogicTILE,14,4,RMUX79,BramTILE,13,4,RMUX40
LogicTILE,14,4,RMUX79,BramTILE,13,4,RMUX41
LogicTILE,14,4,RMUX79,BramTILE,13,4,RMUX47
LogicTILE,14,4,RMUX84,BramTILE,13,4,CtrlMUX02
LogicTILE,14,4,RMUX84,BramTILE,13,4,IMUX38
LogicTILE,14,4,RMUX84,BramTILE,13,4,IMUX54
LogicTILE,14,4,RMUX84,BramTILE,13,4,IMUX58
LogicTILE,14,4,RMUX84,BramTILE,13,4,IMUX62
LogicTILE,14,4,RMUX90,BramTILE,13,4,IMUX51
LogicTILE,14,4,RMUX90,BramTILE,13,4,IMUX57
LogicTILE,14,4,RMUX90,BramTILE,13,4,IMUX61
LogicTILE,14,4,RMUX90,BramTILE,13,4,IMUX63
LogicTILE,14,4,RMUX93,BramTILE,13,4,RMUX76
LogicTILE,14,4,RMUX93,BramTILE,13,4,RMUX77
LogicTILE,14,4,RMUX93,BramTILE,13,4,RMUX83
LogicTILE,14,4,RMUX93,BramTILE,13,4,TMUX15
LogicTILE,15,4,RMUX03,BramTILE,13,4,RMUX05
LogicTILE,15,4,RMUX03,BramTILE,13,4,RMUX10
LogicTILE,15,4,RMUX03,BramTILE,13,4,RMUX11
LogicTILE,15,4,RMUX03,BramTILE,13,4,TMUX03
LogicTILE,15,4,RMUX13,BramTILE,13,4,RMUX54
LogicTILE,15,4,RMUX13,BramTILE,13,4,RMUX64
LogicTILE,15,4,RMUX13,BramTILE,13,4,RMUX65
LogicTILE,15,4,RMUX13,BramTILE,13,4,RMUX70
LogicTILE,15,4,RMUX13,BramTILE,13,4,RMUX71
LogicTILE,15,4,RMUX20,BramTILE,13,4,RMUX84
LogicTILE,15,4,RMUX20,BramTILE,13,4,RMUX90
LogicTILE,15,4,RMUX20,BramTILE,13,4,TMUX13
LogicTILE,15,4,RMUX26,BramTILE,13,4,RMUX12
LogicTILE,15,4,RMUX33,BramTILE,13,4,RMUX28
LogicTILE,15,4,RMUX43,BramTILE,13,4,RMUX72
LogicTILE,15,4,RMUX43,BramTILE,13,4,RMUX94
LogicTILE,15,4,RMUX43,BramTILE,13,4,RMUX95
LogicTILE,15,4,RMUX49,BramTILE,13,4,RMUX06
LogicTILE,15,4,RMUX49,BramTILE,13,4,RMUX16
LogicTILE,15,4,RMUX49,BramTILE,13,4,RMUX17
LogicTILE,15,4,RMUX49,BramTILE,13,4,RMUX22
LogicTILE,15,4,RMUX63,BramTILE,13,4,RMUX52
LogicTILE,15,4,RMUX63,BramTILE,13,4,RMUX53
LogicTILE,15,4,RMUX63,BramTILE,13,4,RMUX58
LogicTILE,15,4,RMUX63,BramTILE,13,4,RMUX59
LogicTILE,15,4,RMUX79,BramTILE,13,4,RMUX40
LogicTILE,15,4,RMUX79,BramTILE,13,4,RMUX46
LogicTILE,15,4,RMUX79,BramTILE,13,4,RMUX47
LogicTILE,15,4,RMUX86,BramTILE,13,4,TMUX09
LogicTILE,15,4,RMUX93,BramTILE,13,4,RMUX76
LogicTILE,15,4,RMUX93,BramTILE,13,4,RMUX77
LogicTILE,16,4,RMUX03,BramTILE,13,4,RMUX10
LogicTILE,16,4,RMUX03,BramTILE,13,4,RMUX11
LogicTILE,16,4,RMUX13,BramTILE,13,4,RMUX65
LogicTILE,16,4,RMUX20,BramTILE,13,4,RMUX84
LogicTILE,16,4,RMUX20,BramTILE,13,4,TMUX13
LogicTILE,16,4,RMUX33,BramTILE,13,4,RMUX28
LogicTILE,16,4,RMUX33,BramTILE,13,4,RMUX34
LogicTILE,16,4,RMUX43,BramTILE,13,4,RMUX88
LogicTILE,16,4,RMUX43,BramTILE,13,4,RMUX95
LogicTILE,16,4,RMUX49,BramTILE,13,4,RMUX23
LogicTILE,16,4,RMUX63,BramTILE,13,4,RMUX52
LogicTILE,16,4,RMUX63,BramTILE,13,4,RMUX53
LogicTILE,16,4,RMUX63,BramTILE,13,4,RMUX59
LogicTILE,16,4,RMUX79,BramTILE,13,4,RMUX40
LogicTILE,16,4,RMUX79,BramTILE,13,4,RMUX46
LogicTILE,16,4,RMUX79,BramTILE,13,4,TMUX04
LogicTILE,16,4,RMUX93,BramTILE,13,4,RMUX82
LogicTILE,17,4,RMUX33,BramTILE,13,4,RMUX35
LogicTILE,17,4,RMUX43,BramTILE,13,4,RMUX94
LogicTILE,17,4,RMUX49,BramTILE,13,4,RMUX17
LogicTILE,17,4,RMUX49,BramTILE,13,4,RMUX22
LogicTILE,17,4,RMUX56,BramTILE,13,4,RMUX36
